[Licensing::Module] Trying to connect to existing licensing client channel...
Built from '6000.5/staging' branch; Version is '6000.5.7f1 (017862109af0) revision 96354'; Using compiler version '194234433'; Build Type 'Release'
[Licensing::IpcConnector] Successfully connected to: "LicenseClient-00000859601" at "2026-09-25T23:20:26.7992775Z"
OS: 'Windows 11  (10.0.26100) Professional' Language: 'pt' Physical Memory: 32400 MB
BatchMode: 0, IsHumanControllingUs: 1, StartBugReporterOnCrash: 1, Is64bit: 1
System  architecture: x64
Process architecture: x64
Date: 2026-09-25T23:20:26Z

COMMAND LINE ARGUMENTS:
C:\Program Files\Unity\Hub\Editor\6000.5.7f1\Editor\Unity.exe
-projectpath
C:\Users\00000859601\Documents\GitHub\oto\HUGUINHO
-acceptSoftwareTermsForThisRunOnly
-useHub
-hubIPC
-cloudEnvironment
production
-licensingIpc
LicenseClient-00000859601
-hubSessionId
5bef7e76-69b1-48eb-989e-60a0aa8aaa44
-accessToken
0WUV-sM3Yj42usRfA2XSjYRVfSDMpiAXGpTVPyWCAoU004f
Successfully changed project path to: C:\Users\00000859601\Documents\GitHub\oto\HUGUINHO
C:/Users/00000859601/Documents/GitHub/oto/HUGUINHO
[UnityMemory] Configuration Parameters - Can be set up in boot.config
    "memorysetup-temp-allocator-size-gi-baking-worker=262144"
    "memorysetup-temp-allocator-size-gi-baking-worker=262144"
    "memorysetup-temp-allocator-size-gi-baking-worker=262144"
    "memorysetup-temp-allocator-size-gi-baking-worker=262144"
    "memorysetup-temp-allocator-size-gi-baking-worker=262144"
    "memorysetup-temp-allocator-size-nav-mesh-worker=65536"
    "memorysetup-temp-allocator-size-audio-worker=65536"
    "memorysetup-temp-allocator-size-cloud-worker=32768"
    "memorysetup-temp-allocator-size-gfx=262144"
    "memorysetup-temp-allocator-size-preload-manager=33554432"
    "memorysetup-allocator-temp-initial-block-size-main=262144"
    "memorysetup-allocator-temp-initial-block-size-worker=262144"
    "memorysetup-temp-allocator-size-job-worker=262144"
    "memorysetup-temp-allocator-size-background-worker=32768"
    "memorysetup-bucket-allocator-granularity=16"
    "memorysetup-bucket-allocator-bucket-count=8"
    "memorysetup-bucket-allocator-block-size=33554432"
    "memorysetup-bucket-allocator-block-count=8"
    "memorysetup-main-allocator-block-size=16777216"
    "memorysetup-thread-allocator-block-size=16777216"
    "memorysetup-main-allocator-mimalloc-enabled=0"
    "memorysetup-gfx-main-allocator-block-size=16777216"
    "memorysetup-gfx-thread-allocator-block-size=16777216"
    "memorysetup-cache-allocator-block-size=4194304"
    "memorysetup-typetree-allocator-block-size=2097152"
    "memorysetup-profiler-bucket-allocator-granularity=16"
    "memorysetup-profiler-bucket-allocator-bucket-count=8"
    "memorysetup-profiler-bucket-allocator-block-size=33554432"
    "memorysetup-profiler-bucket-allocator-block-count=8"
    "memorysetup-profiler-allocator-block-size=16777216"
    "memorysetup-profiler-editor-allocator-block-size=1048576"
    "memorysetup-temp-allocator-size-main=16777216"
    "memorysetup-job-temp-allocator-block-size=2097152"
    "memorysetup-job-temp-allocator-block-size-background=1048576"
    "memorysetup-job-temp-allocator-reduction-small-platforms=262144"
Player connection [23040]  Target information:

Player connection [23040]  * "[IP] 10.1.1.160 [Port] 55504 [Flags] 2 [Guid] 1764950215 [EditorId] 1764950215 [Version] 1048832 [Id] WindowsEditor(7,A406-15) [Debug] 1 [PackageName] WindowsEditor [ProjectName] Editor" 

Player connection [23040] Host joined multi-casting on [225.0.0.222:54997]...
Player connection [23040] Host joined alternative multi-casting on [225.0.0.222:34997]...
Input System module state changed to: Initialized.
[Physics::Module] Initialized fallback backend.
[Physics::Module] Id: 0xdecafbad
[Package Manager] Connected to IPC stream "Upm-12476" after 0.3 seconds.
[Licensing::Module] Licensing is not yet initialized.
[Licensing::Client] Error: HandshakeResponse reported an error:
	ResponseCode: 505
	ResponseStatus: Unsupported protocol version '1.18.1'.
[Licensing::Module] Error: Failed to handshake to channel: "LicenseClient-00000859601"
[Licensing::IpcConnector] LicenseClient-00000859601 channel disconnected successfully.
[Licensing::IpcConnector] Channel LicenseClient-00000859601-6000.5.7 doesn't exist
[Licensing::Module] Successfully launched the LicensingClient (PId: 10320)
Starting IPC server.
Waiting for clients to connect on \\.\pipe\Unity-LicenseClient-00000859601-6000.5.7, press Ctrl-C to exit.
[Licensing::IpcConnector] Successfully connected to: "LicenseClient-00000859601-6000.5.7" at "2026-09-25T23:20:27.8248162Z"
[Licensing::Client] Code 10 while verifying Licensing Client signature (process Id: 10320, path: "C:/Program Files/Unity/Hub/Editor/6000.5.7f1/Editor/Data/Resources/Licensing/Client/Unity.Licensing.Client.exe")
[Licensing::Module] LicensingClient has failed validation; ignoring
[Licensing::Client] Handshaking with LicensingClient:
  Version:                 1.18.1+9fbee8e
  Session Id:              0fb8d664f6094c81a7f54a37a6c13d5d
  Correlation Id:          aa1a1fc927b6408a290c3d93ac72b7c1
  External correlation Id: 879774603108713806
  Machine Id:              frRfylFy/3RPPWzY6fdmOjaBO1s=
[Licensing::Module] Successfully connected to LicensingClient on channel: "LicenseClient-00000859601-6000.5.7" (connect: 0.24s, validation: 0.07s, handshake: 0.03s)
[Licensing::IpcConnector] Successfully connected to: "LicenseClient-00000859601-6000.5.7-notifications" at "2026-09-25T23:20:27.9244393Z"
[Licensing::Module] Connected to LicensingClient (PId: 10320, launch time: 0.00, total connection time: 0.34s)
[Licensing::Client] Successfully updated the access token
[Licensing::Module] Successfully updated the access token 0WUV-sM3Yj...
[Licensing::Client] Successfully resolved entitlement details
[Licensing::Module] License group:
  Id: 4674073764412-UnityPersXXXX
  Product: Unity Personal
  Type: Assigned
  Expiration: Unlimited
[Licensing::Client] Successfully updated license, isAsync: True, time: 0.01
[Licensing::Client] Successfully resolved entitlement details
[Licensing::Module] Licensing Background thread has ended after 1.17s
[Licensing::Module] Licensing is initialized (took 0.70s).
[Licensing::Client] Successfully resolved entitlement details
Library Redirect Path: Library/
[Physics::Module] Selected backend.
[Physics::Module] Name: PhysX
[Physics::Module] Id: 0xf2b8ea05
[Physics::Module] SDK Version: 4.1.2
[Physics::Module] Integration Version: 1.0.0
[Physics::Module] Threading Mode: Multi-Threaded
Artifact Garbage Collection - Removed 793 unused hashed content files
Initialize engine version: 6000.5.7f1 (017862109af0)
[Subsystems] Discovering subsystems at path C:/Program Files/Unity/Hub/Editor/6000.5.7f1/Editor/Data/Resources/UnitySubsystems
[Subsystems] Discovering subsystems at path C:/Users/00000859601/Documents/GitHub/oto/HUGUINHO/Assets
[D3D12 Device Filter] Vendor Name: NVIDIA
[D3D12 Device Filter] Device Name: NVIDIA T1000 8GB
[D3D12 Device Filter] Driver Version: 32.0.15.9651
[D3D12 Device Filter] Feature Level: 12.1
[D3D12 Device Filter] Graphics Memory: 8015 MB
[D3D12 Device Filter] Processor Count: 24
[D3D12 Device Filter] Device Type: Discrete
GfxDevice: creating device client; kGfxThreadingModeSplitJobs
d3d12: failed to query info queue interface (0x80004002).
Direct3D:
    Version:         Direct3D 12 [level 12.1]
    Renderer:        NVIDIA T1000 8GB (ID=0x1ff0)
    Vendor:          NVIDIA
    VRAM:            8015 MB
    App VRAM Budget: 7247 MB
    Driver:          32.0.15.9651
Initialize mono
Mono path[0] = 'C:/Program Files/Unity/Hub/Editor/6000.5.7f1/Editor/Data/Managed'
Mono path[1] = 'C:/Program Files/Unity/Hub/Editor/6000.5.7f1/Editor/Data/BCLExtensions/runtime/netstandard2.1'
Mono path[2] = 'C:/Program Files/Unity/Hub/Editor/6000.5.7f1/Editor/Data/MonoBleedingEdge/lib/mono/unityjit-win32'
Mono config path = 'C:/Program Files/Unity/Hub/Editor/6000.5.7f1/Editor/Data/MonoBleedingEdge/etc'
Using monoOptions --debugger-agent=transport=dt_socket,embedding=1,server=y,suspend=n,address=127.0.0.1:56476
CodeReloadManager initialized
ImportWorker Server TCP listen port: 0
AcceleratorClientConnectionCallback - disconnected - :0
Begin MonoManager ReloadAssembly
Registering precompiled unity dll's ...
Register platform support module: C:/Program Files/Unity/Hub/Editor/6000.5.7f1/Editor/Data/PlaybackEngines/WindowsStandaloneSupport/UnityEditor.WindowsStandalone.Extensions.dll
Registered in 0.001759 seconds.
Native extension for WindowsStandalone target not found
Package Manager log level set to [2]
ScheduleIndexationOnStartup MainProcess:False IndexOnStartup:True
Mono: successfully reloaded assembly
- Finished resetting the current domain, in  0.324 seconds
Domain Reload Profiling: 736ms
	BeginReloadAssembly (115ms)
		CreateAndSetChildDomain (11ms)
	RebuildCommonClasses (5ms)
	RebuildNativeTypeToScriptingClass (17ms)
	initialDomainReloadingComplete (54ms)
	LoadAllAssembliesAndSetupDomain (220ms)
		LoadAssemblies (100ms)
		AnalyzeDomain (163ms)
			TypeCache.Refresh (161ms)
				TypeCache.ScanAssembly (149ms)
	FinalizeReload (326ms)
		SetupLoadedEditorAssemblies (0ms)
			BeforeProcessingInitializeOnLoad (71ms)
			ProcessInitializeOnLoadAttributes (74ms)
			ProcessInitializeOnLoadMethodAttributes (121ms)
[Licensing::Client] Successfully resolved entitlement details
Application.AssetDatabase Initial Refresh Start
[Package Manager] Restoring resolved packages state from cache
[Licensing::Client] Successfully resolved entitlement details
[Package Manager] Registered 57 packages:
  Packages from [https://packages.unity.com]:
    com.unity.ai.navigation@2.0.14 (location: C:\Users\00000859601\Documents\GitHub\oto\HUGUINHO\Library\PackageCache\com.unity.ai.navigation@134dd6a3b97b)
    com.unity.collab-proxy@2.13.5 (location: C:\Users\00000859601\Documents\GitHub\oto\HUGUINHO\Library\PackageCache\com.unity.collab-proxy@120d77864ebc)
    com.unity.ide.rider@3.0.38 (location: C:\Users\00000859601\Documents\GitHub\oto\HUGUINHO\Library\PackageCache\com.unity.ide.rider@1f60b3138684)
    com.unity.ide.visualstudio@2.0.26 (location: C:\Users\00000859601\Documents\GitHub\oto\HUGUINHO\Library\PackageCache\com.unity.ide.visualstudio@a99d56dec63f)
    com.unity.inputsystem@1.20.0 (location: C:\Users\00000859601\Documents\GitHub\oto\HUGUINHO\Library\PackageCache\com.unity.inputsystem@7a4e1a2a8194)
    com.unity.timeline@1.8.12 (location: C:\Users\00000859601\Documents\GitHub\oto\HUGUINHO\Library\PackageCache\com.unity.timeline@8cd8509afae5)
    com.unity.visualscripting@1.9.12 (location: C:\Users\00000859601\Documents\GitHub\oto\HUGUINHO\Library\PackageCache\com.unity.visualscripting@4edfcc09512f)
    com.unity.searcher@4.9.4 (location: C:\Users\00000859601\Documents\GitHub\oto\HUGUINHO\Library\PackageCache\com.unity.searcher@d45a78918735)
    com.unity.burst@1.8.30 (location: C:\Users\00000859601\Documents\GitHub\oto\HUGUINHO\Library\PackageCache\com.unity.burst@2f3d916873ea)
    com.unity.nuget.mono-cecil@1.11.6 (location: C:\Users\00000859601\Documents\GitHub\oto\HUGUINHO\Library\PackageCache\com.unity.nuget.mono-cecil@ecb9724e46ff)
    com.unity.test-framework.performance@3.5.0 (location: C:\Users\00000859601\Documents\GitHub\oto\HUGUINHO\Library\PackageCache\com.unity.test-framework.performance@8b56083ec0f0)
  Built-in packages:
    com.unity.multiplayer.center@1.0.1 (location: C:\Users\00000859601\Documents\GitHub\oto\HUGUINHO\Library\PackageCache\com.unity.multiplayer.center@b860850997d0)
    com.unity.render-pipelines.universal@17.5.0 (location: C:\Users\00000859601\Documents\GitHub\oto\HUGUINHO\Library\PackageCache\com.unity.render-pipelines.universal@73b4c4ff130e)
    com.unity.test-framework@1.7.0 (location: C:\Users\00000859601\Documents\GitHub\oto\HUGUINHO\Library\PackageCache\com.unity.test-framework@1405238725ab)
    com.unity.ugui@2.5.0 (location: C:\Users\00000859601\Documents\GitHub\oto\HUGUINHO\Library\PackageCache\com.unity.ugui@67707a67a4ab)
    com.unity.modules.accessibility@1.0.0 (location: C:\Users\00000859601\Documents\GitHub\oto\HUGUINHO\Library\PackageCache\com.unity.modules.accessibility)
    com.unity.modules.adaptiveperformance@1.0.0 (location: C:\Users\00000859601\Documents\GitHub\oto\HUGUINHO\Library\PackageCache\com.unity.modules.adaptiveperformance)
    com.unity.modules.ai@1.0.0 (location: C:\Users\00000859601\Documents\GitHub\oto\HUGUINHO\Library\PackageCache\com.unity.modules.ai)
    com.unity.modules.androidjni@1.0.0 (location: C:\Users\00000859601\Documents\GitHub\oto\HUGUINHO\Library\PackageCache\com.unity.modules.androidjni)
    com.unity.modules.animation@1.0.0 (location: C:\Users\00000859601\Documents\GitHub\oto\HUGUINHO\Library\PackageCache\com.unity.modules.animation)
    com.unity.modules.assetbundle@1.0.0 (location: C:\Users\00000859601\Documents\GitHub\oto\HUGUINHO\Library\PackageCache\com.unity.modules.assetbundle)
    com.unity.modules.audio@1.0.0 (location: C:\Users\00000859601\Documents\GitHub\oto\HUGUINHO\Library\PackageCache\com.unity.modules.audio)
    com.unity.modules.cloth@1.0.0 (location: C:\Users\00000859601\Documents\GitHub\oto\HUGUINHO\Library\PackageCache\com.unity.modules.cloth)
    com.unity.modules.director@1.0.0 (location: C:\Users\00000859601\Documents\GitHub\oto\HUGUINHO\Library\PackageCache\com.unity.modules.director)
    com.unity.modules.imageconversion@1.0.0 (location: C:\Users\00000859601\Documents\GitHub\oto\HUGUINHO\Library\PackageCache\com.unity.modules.imageconversion)
    com.unity.modules.imgui@1.0.0 (location: C:\Users\00000859601\Documents\GitHub\oto\HUGUINHO\Library\PackageCache\com.unity.modules.imgui)
    com.unity.modules.jsonserialize@1.0.0 (location: C:\Users\00000859601\Documents\GitHub\oto\HUGUINHO\Library\PackageCache\com.unity.modules.jsonserialize)
    com.unity.modules.particlesystem@1.0.0 (location: C:\Users\00000859601\Documents\GitHub\oto\HUGUINHO\Library\PackageCache\com.unity.modules.particlesystem)
    com.unity.modules.physics@1.0.0 (location: C:\Users\00000859601\Documents\GitHub\oto\HUGUINHO\Library\PackageCache\com.unity.modules.physics)
    com.unity.modules.physics2d@1.0.0 (location: C:\Users\00000859601\Documents\GitHub\oto\HUGUINHO\Library\PackageCache\com.unity.modules.physics2d)
    com.unity.modules.physicscore2d@1.0.0 (location: C:\Users\00000859601\Documents\GitHub\oto\HUGUINHO\Library\PackageCache\com.unity.modules.physicscore2d)
    com.unity.modules.screencapture@1.0.0 (location: C:\Users\00000859601\Documents\GitHub\oto\HUGUINHO\Library\PackageCache\com.unity.modules.screencapture)
    com.unity.modules.terrain@1.0.0 (location: C:\Users\00000859601\Documents\GitHub\oto\HUGUINHO\Library\PackageCache\com.unity.modules.terrain)
    com.unity.modules.terrainphysics@1.0.0 (location: C:\Users\00000859601\Documents\GitHub\oto\HUGUINHO\Library\PackageCache\com.unity.modules.terrainphysics)
    com.unity.modules.tilemap@1.0.0 (location: C:\Users\00000859601\Documents\GitHub\oto\HUGUINHO\Library\PackageCache\com.unity.modules.tilemap)
    com.unity.modules.ui@1.0.0 (location: C:\Users\00000859601\Documents\GitHub\oto\HUGUINHO\Library\PackageCache\com.unity.modules.ui)
    com.unity.modules.uielements@1.0.0 (location: C:\Users\00000859601\Documents\GitHub\oto\HUGUINHO\Library\PackageCache\com.unity.modules.uielements)
    com.unity.modules.umbra@1.0.0 (location: C:\Users\00000859601\Documents\GitHub\oto\HUGUINHO\Library\PackageCache\com.unity.modules.umbra)
    com.unity.modules.unityanalytics@1.0.0 (location: C:\Users\00000859601\Documents\GitHub\oto\HUGUINHO\Library\PackageCache\com.unity.modules.unityanalytics)
    com.unity.modules.unitywebrequest@1.0.0 (location: C:\Users\00000859601\Documents\GitHub\oto\HUGUINHO\Library\PackageCache\com.unity.modules.unitywebrequest)
    com.unity.modules.unitywebrequestassetbundle@1.0.0 (location: C:\Users\00000859601\Documents\GitHub\oto\HUGUINHO\Library\PackageCache\com.unity.modules.unitywebrequestassetbundle)
    com.unity.modules.unitywebrequestaudio@1.0.0 (location: C:\Users\00000859601\Documents\GitHub\oto\HUGUINHO\Library\PackageCache\com.unity.modules.unitywebrequestaudio)
    com.unity.modules.unitywebrequesttexture@1.0.0 (location: C:\Users\00000859601\Documents\GitHub\oto\HUGUINHO\Library\PackageCache\com.unity.modules.unitywebrequesttexture)
    com.unity.modules.unitywebrequestwww@1.0.0 (location: C:\Users\00000859601\Documents\GitHub\oto\HUGUINHO\Library\PackageCache\com.unity.modules.unitywebrequestwww)
    com.unity.modules.vectorgraphics@1.0.0 (location: C:\Users\00000859601\Documents\GitHub\oto\HUGUINHO\Library\PackageCache\com.unity.modules.vectorgraphics)
    com.unity.modules.vehicles@1.0.0 (location: C:\Users\00000859601\Documents\GitHub\oto\HUGUINHO\Library\PackageCache\com.unity.modules.vehicles)
    com.unity.modules.video@1.0.0 (location: C:\Users\00000859601\Documents\GitHub\oto\HUGUINHO\Library\PackageCache\com.unity.modules.video)
    com.unity.modules.wind@1.0.0 (location: C:\Users\00000859601\Documents\GitHub\oto\HUGUINHO\Library\PackageCache\com.unity.modules.wind)
    com.unity.modules.xr@1.0.0 (location: C:\Users\00000859601\Documents\GitHub\oto\HUGUINHO\Library\PackageCache\com.unity.modules.xr)
    com.unity.modules.subsystems@1.0.0 (location: C:\Users\00000859601\Documents\GitHub\oto\HUGUINHO\Library\PackageCache\com.unity.modules.subsystems)
    com.unity.modules.hierarchycore@1.0.0 (location: C:\Users\00000859601\Documents\GitHub\oto\HUGUINHO\Library\PackageCache\com.unity.modules.hierarchycore)
    com.unity.ext.nunit@2.1.0 (location: C:\Users\00000859601\Documents\GitHub\oto\HUGUINHO\Library\PackageCache\com.unity.ext.nunit@44f7d31723bd)
    com.unity.render-pipelines.core@17.5.0 (location: C:\Users\00000859601\Documents\GitHub\oto\HUGUINHO\Library\PackageCache\com.unity.render-pipelines.core@645717f21c5f)
    com.unity.shadergraph@17.5.0 (location: C:\Users\00000859601\Documents\GitHub\oto\HUGUINHO\Library\PackageCache\com.unity.shadergraph@8d7376ec43ee)
    com.unity.render-pipelines.universal-config@17.5.0 (location: C:\Users\00000859601\Documents\GitHub\oto\HUGUINHO\Library\PackageCache\com.unity.render-pipelines.universal-config@fdda01c80fe3)
    com.unity.collections@6.5.0 (location: C:\Users\00000859601\Documents\GitHub\oto\HUGUINHO\Library\PackageCache\com.unity.collections@ec2c217e4cb2)
    com.unity.mathematics@1.4.0 (location: C:\Users\00000859601\Documents\GitHub\oto\HUGUINHO\Library\PackageCache\com.unity.mathematics@981956d94fb6)
[Subsystems] No new subsystems found in resolved package list.
[Package Manager] Done registering packages in 0.01 seconds
info: Microsoft.Hosting.Lifetime[14]
      Now listening on: http://localhost:80
info: Microsoft.Hosting.Lifetime[0]
      Application started. Press Ctrl+C to shut down.
info: Microsoft.Hosting.Lifetime[0]
      Hosting environment: Production
info: Microsoft.Hosting.Lifetime[0]
      Content root path: C:\Users\00000859601\Documents\GitHub\oto\HUGUINHO
info: Microsoft.AspNetCore.Hosting.Diagnostics[1]
      Request starting HTTP/2 POST http://ilpp/UnityILPP.PostProcessing/Ping - application/grpc -
info: Microsoft.AspNetCore.Routing.EndpointMiddleware[0]
      Executing endpoint 'gRPC - /UnityILPP.PostProcessing/Ping'
info: Microsoft.AspNetCore.Routing.EndpointMiddleware[1]
      Executed endpoint 'gRPC - /UnityILPP.PostProcessing/Ping'
info: Microsoft.AspNetCore.Hosting.Diagnostics[2]
      Request finished HTTP/2 POST http://ilpp/UnityILPP.PostProcessing/Ping - 200 - application/grpc 18.5927ms
Starting: C:\Program Files\Unity\Hub\Editor\6000.5.7f1\Editor\Data\Tools\BuildPipeline\bee_backend.exe --ipc --defer-dag-verification --dagfile="Library/Bee/1900b0aE.dag" --continue-on-failure --profile="Library/Bee/backend1.traceevents" ScriptAssemblies
WorkingDir: C:/Users/00000859601/Documents/GitHub/oto/HUGUINHO
info: Microsoft.AspNetCore.Hosting.Diagnostics[1]
      Request starting HTTP/2 POST http://ilpp/UnityILPP.PostProcessing/ConfigurePostProcessors - application/grpc -
info: Microsoft.AspNetCore.Routing.EndpointMiddleware[0]
      Executing endpoint 'gRPC - /UnityILPP.PostProcessing/ConfigurePostProcessors'
warn: Unity.ILPP.Runner.PostProcessingAssemblyLoadContext[0]
      Assembly system.runtime.interopservices.windowsruntime has duplicate hint path. Ignoring "C:\Program Files\Unity\Hub\Editor\6000.5.7f1\Editor\Data\UnityReferenceAssemblies\unity-4.8-api\Facades\System.Runtime.InteropServices.WindowsRuntime.dll" in favor of "C:\Program Files\Unity\Hub\Editor\6000.5.7f1\Editor\Data\NetStandard\Extensions\2.0.0\System.Runtime.InteropServices.WindowsRuntime.dll"
warn: Unity.ILPP.Runner.PostProcessingAssemblyLoadContext[0]
      Assembly system.componentmodel.composition has duplicate hint path. Ignoring "C:\Program Files\Unity\Hub\Editor\6000.5.7f1\Editor\Data\UnityReferenceAssemblies\unity-4.8-api\System.ComponentModel.Composition.dll" in favor of "C:\Program Files\Unity\Hub\Editor\6000.5.7f1\Editor\Data\NetStandard\compat\2.1.0\shims\netfx\System.ComponentModel.Composition.dll"
info: Unity.ILPP.Runner.PostProcessingAssemblyLoadContext[0]
      Resolved Unity.Burst.Cecil, Version=0.11.6.0, Culture=neutral, PublicKeyToken=50cebf1cceb9d05e with Library\PackageCache\com.unity.burst@2f3d916873ea\Unity.Burst.CodeGen\Unity.Burst.Cecil.dll
info: Unity.ILPP.Runner.PostProcessingAssemblyLoadContext[0]
      Resolved Mono.Cecil, Version=0.11.5.0, Culture=neutral, PublicKeyToken=50cebf1cceb9d05e with Library\PackageCache\com.unity.nuget.mono-cecil@ecb9724e46ff\Mono.Cecil.dll
info: Microsoft.AspNetCore.Routing.EndpointMiddleware[1]
      Executed endpoint 'gRPC - /UnityILPP.PostProcessing/ConfigurePostProcessors'
info: Microsoft.AspNetCore.Hosting.Diagnostics[2]
      Request finished HTTP/2 POST http://ilpp/UnityILPP.PostProcessing/ConfigurePostProcessors - 200 - application/grpc 39.6104ms
ExitCode: 0 Duration: 0s999ms
[735/936    0s] ILPP-Configuration Library/ilpp-configuration.nevergeneratedoutput
[928/936    0s] Csc Library/Bee/artifacts/1900b0aE.dag/Assembly-CSharp.dll (+2 others)
*** Tundra build success (0.96 seconds), 2 items updated, 936 evaluated
AssetDatabase: script compilation time: 1.313728s
Begin MonoManager ReloadAssembly
Refreshing native plugins compatible for Editor in 3.33 ms, found 4 plugins.
Native extension for WindowsStandalone target not found
ScheduleIndexationOnStartup MainProcess:True IndexOnStartup:True
Mono: successfully reloaded assembly
- Finished resetting the current domain, in  2.300 seconds
Domain Reload Profiling: 3102ms
	BeginReloadAssembly (298ms)
		DisableScriptedObjects (42ms)
		CreateAndSetChildDomain (146ms)
	RebuildCommonClasses (6ms)
	RebuildNativeTypeToScriptingClass (11ms)
	initialDomainReloadingComplete (39ms)
	LoadAllAssembliesAndSetupDomain (448ms)
		LoadAssemblies (269ms)
		AnalyzeDomain (174ms)
			TypeCache.Refresh (118ms)
				TypeCache.ScanAssembly (109ms)
			BuildScriptInfoCaches (48ms)
			ResolveRequiredComponents (6ms)
	FinalizeReload (2300ms)
		SetupLoadedEditorAssemblies (0ms)
			BeforeProcessingInitializeOnLoad (61ms)
			ProcessInitializeOnLoadAttributes (1761ms)
			ProcessInitializeOnLoadMethodAttributes (184ms)
			AfterProcessingInitializeOnLoad (4ms)
		AwakeInstancesAfterBackupRestoration (20ms)
Starting new worker id: 0 with log in C:/Users/00000859601/Documents/GitHub/oto/HUGUINHO/Logs/AssetImportWorkerHW0.log

Asset Pipeline Refresh (id=96752d95c7d70804dbea6caa080114bc): Total: 4.965 seconds - Initiated by InitialRefreshV2(ForceSynchronousImport)
	(Values over 0.05ms)
	Summary:
		Imports: total=0 (actual=0, local cache=0, cache server=0)
		Asset DB Process Time: managed=0 ms, native=2711 ms
		Asset DB Callback time: managed=39 ms, native=16 ms
		Scripting: domain reloads=1, domain reload time=840 ms, compile time=1315 ms, other=41 ms
		Project Asset Count: scripts=1363, non-scripts=2319
		Asset File Changes: new=0, changed=0, moved=0, deleted=0
		Scan Filter Count: 0
	InvokePackagesCallback: 17.248ms
	ApplyChangesToAssetFolders: 0.485ms
	Scan: 77.771ms
	Collect global state as custom dependencies: 15.727ms
	CategorizeScriptCompilationAssets: 46.231ms
	ProcessAssetsWithTransientArtifactChanges: 56.864ms
	CategorizeAssets: 33.506ms
	CompileScripts: 1315.245ms
	ImportOutOfDateAssets: 2353.684ms (2314.938ms without children)
		UnloadImportedAssets: 0.547ms
		EnsureUptoDateAssetsAreRegisteredWithGuidPM: 0.392ms
		ImportSchedulerStart: 37.777ms
	PostProcessAllAssets: 39.893ms
		MonoPostProcessAllAssets: 39.844ms
			UniversalRenderPipelineGlobalSettingsPostprocessor.OnPostprocessAllAssets 20.075ms
			SyncVS.PostprocessSyncProject 2.481ms
			WindowAssetPostprocessingWatcher.OnPostprocessAllAssets 1.670ms
			SpeedTree9Postprocessor.OnPostprocessAllAssets 1.441ms
			EditModeScopePostprocessor.OnPostprocessAllAssets 0.788ms
			RenderPipelineGlobalSettingsPostprocessor.OnPostprocessAllAssets 0.569ms
			ShaderReflectionAssetPostProcessor.OnPostprocessAllAssets 0.253ms
			InputActionAssetPostprocessor.OnPostprocessAllAssets 0.196ms
			ReferencedClipsPostProcessor.OnPostprocessAllAssets 0.196ms
			TerrainToolbarOverlayPostProcessor.OnPostprocessAllAssets 0.148ms
			AssetDatabaseCallbacks.OnPostprocessAllAssets 0.125ms
			ProjectSettingsPostprocessor.OnPostprocessAllAssets 0.118ms
	UnloadStreamsBegin: 2.198ms
	PersistCurrentRevisions: 0.094ms
	GenerateScriptTypeHashes: 0.915ms
	GenerateScriptTypeSerializationHashes: 1.635ms
	Untracked: 998.575ms

Application.AssetDatabase Initial Refresh End
Launched and connected shader compiler UnityShaderCompiler.exe after 0.01 seconds
Scanning for USB devices : 4.099ms
Initializing Unity extensions:
[MODES] ModeService[none].Initialize
[MODES] ModeService[none].LoadModes
[MODES] Loading mode Default (0) for mode-current-id-HUGUINHO
Unloading 26 Unused Serialized files (Serialized files now loaded: 0)
Loaded scene 'Assets/Scenes/SampleScene.unity'
	Deserialize:            7.159 ms
	Integration:            322.053 ms
	Integration of assets:  2.416 ms
	Thread Wait Time:       0.015 ms
	Total Operation Time:   331.642 ms
Unloading 6643 unused Assets / (5.9 MB). Loaded Objects now: 7637.
Memory consumption went from 415.4 MB to 409.5 MB.
Total: 10.414100 ms (FindLiveObjects: 0.561000 ms CreateObjectMapping: 1.366600 ms MarkObjects: 4.835100 ms  DeleteObjects: 3.429800 ms)

[LAYOUT] About to load UserSettings\Layouts\default-6000.dwlt, keepMainWindow=False
Worker ready: AssetImportWorkerHW0 0
[LAYOUT] About to save layout C:\Users\00000859601\Documents\GitHub\oto\HUGUINHO\UserSettings\Layouts\default-6000.dwlt
[LAYOUT] About to save layout C:/Users/00000859601/AppData/Roaming/Unity/Editor-5.x/Preferences\Layouts\current\default-6000.dwlt
[MODES] ModeService[default].InitializeCurrentMode
[MODES] ModeService[default].RaiseModeChanged(default, default)
<RI> Initializing input.
Using Windows.Gaming.Input
[Project] Loading completed in 9.762 seconds
	Project init time: 				8.263 seconds
		Template init time: 		0.000 seconds
		Package Manager init time: 		0.953 seconds
		Asset Database init time: 		0.382 seconds
		Global illumination init time: 	0.008 seconds
		Assemblies load time: 			0.798 seconds
		Unity extensions init time: 	0.028 seconds
		Asset Database refresh time: 	4.965 seconds
	Scene opening time: 			1.294 seconds
##utp:{"type":"ProjectInfo","version":2,"phase":"Immediate","time":1790378436554,"processId":12476,"projectLoad":9.7618938,"projectInit":8.2632735,"templateInit":0.0,"packageManagerInit":0.952998,"assetDatabaseInit":0.3821798,"globalIlluminationInit":0.0078837,"assembliesLoad":0.7983384,"unityExtensionsInit":0.0276542,"assetDatabaseRefresh":4.9651618,"sceneOpening":1.2940029}
##utp:{"type":"EditorInfo","version":2,"phase":"Immediate","time":1790378436554,"processId":12476,"editorVersion":"6000.5.7f1 (017862109af0)","branch":"6000.5/staging","buildType":"Release","platform":"Windows"}
Asset Pipeline Refresh (id=96bc3332436da4e4c9f0945e5b895c21): Total: 0.063 seconds - Initiated by RefreshV2(AllowForceSynchronousImport)
Start Indexing on Editor startup
[Indexing] Starting Initial Indexing for Assets
Request Asset Garbage Collect because used heap size increased from 409.8 MB to 0.67 GB, exceeding the threshold of 256.0 MB.
Unloading 11 Unused Serialized files (Serialized files now loaded: 0)
Created GICache directory at C:/Users/00000859601/AppData/LocalLow/Unity/Caches/GiCache. Took: 0.011s, timestamps: [11.131 - 11.142]
Unloading 114 unused Assets / (17.1 MB). Loaded Objects now: 8844.
Memory consumption went from 0.66 GB to 0.65 GB.
Total: 12.684700 ms (FindLiveObjects: 0.339000 ms CreateObjectMapping: 0.605500 ms MarkObjects: 8.600100 ms  DeleteObjects: 3.139000 ms)

[Licensing::Client] Successfully resolved entitlement details
[Licensing::Client] Successfully resolved entitlement details
[Licensing::Client] Successfully updated the access token
[Licensing::Module] Successfully updated access token: "0WUV-sM3"... (expires: 2026-09-26T01:19:59Z)
[Licensing::Client] Successfully resolved entitlement details
Starting new worker id: 1 with log in C:/Users/00000859601/Documents/GitHub/oto/HUGUINHO/Logs/AssetImportWorkerHW1.log
[Worker0] Imported GUID: 99c9720ab356a0642a771bea13969a05 - Path: Assets/Scenes/SampleScene.unity - Importer: ScriptedImporter/UnityEditor.QuickSearchModule:UnityEditor.Search:ASIAI0B -> (ImportResultId: '27d00953cdc6c62f5e69876cd2df41f8') in 0.0577952 seconds
[Worker0] Imported GUID: f3e295c1566d34a4a89f814654998d1b - Path: Assets/prefab/projectile.prefab - Importer: ScriptedImporter/UnityEditor.QuickSearchModule:UnityEditor.Search:ASIAI0B -> (ImportResultId: 'bb47396cea25fd94c28f62b64a0f9d30') in 0.0562942 seconds
[Worker0] Imported GUID: 3e8a643c22777c0439a60ef29a48819f - Path: Assets/materials/New Material.mat - Importer: ScriptedImporter/UnityEditor.QuickSearchModule:UnityEditor.Search:ASIAI0B -> (ImportResultId: '192ac58d6e027fdeaa45df4b2167ab7d') in 0.0219079 seconds
[Worker0] Imported GUID: 0623c50e2f208804da971d47c8916ba2 - Path: Assets/scripts/ShootPool.cs - Importer: ScriptedImporter/UnityEditor.QuickSearchModule:UnityEditor.Search:ASIAI0B -> (ImportResultId: '88c5fdf918c0705afc449ba16f3ea2cc') in 0.0108997 seconds
Worker ready: AssetImportWorkerHW1 1
[Licensing::Client] Successfully resolved entitlement details
UPID Received '66f15784-6da3-4f07-ab02-e870f0a7b451'.
[Worker0] Imported GUID: 0623c50e2f208804da971d47c8916ba2 - Path: Assets/scripts/ShootPool.cs - Importer: PreviewImporter -> (ImportResultId: '0250c41c56cf2fca8cc585c523e3723c') in 0.0069141 seconds
TrimDiskCacheJob: Current cache size 0mb
Reloading assemblies for play mode.
Reloading assemblies after forced synchronous recompile.
[Licensing::Client] Successfully resolved entitlement details
Begin MonoManager ReloadAssembly
Native extension for WindowsStandalone target not found
ScheduleIndexationOnStartup MainProcess:True IndexOnStartup:True
[MODES] ModeService[none].Initialize
[MODES] ModeService[none].LoadModes
Mono: successfully reloaded assembly
- Finished resetting the current domain, in  1.164 seconds
Domain Reload Profiling: 1925ms
	BeginReloadAssembly (575ms)
		DisableScriptedObjects (68ms)
		CreateAndSetChildDomain (391ms)
	RebuildCommonClasses (6ms)
	RebuildNativeTypeToScriptingClass (10ms)
	initialDomainReloadingComplete (42ms)
	LoadAllAssembliesAndSetupDomain (127ms)
		LoadAssemblies (89ms)
		AnalyzeDomain (29ms)
			TypeCache.Refresh (8ms)
			ResolveRequiredComponents (17ms)
	FinalizeReload (1165ms)
		SetupLoadedEditorAssemblies (0ms)
			BeforeProcessingInitializeOnLoad (61ms)
			ProcessInitializeOnLoadAttributes (273ms)
			ProcessInitializeOnLoadMethodAttributes (107ms)
			AfterProcessingInitializeOnLoad (4ms)
		AwakeInstancesAfterBackupRestoration (420ms)
No restricted APIs configured; Validation skipped.
Checking 23 assemblies for restricted APIs found 0 usage(s) in 3 ms

Asset Pipeline Refresh (id=e58ada56ab2b5f641b2d831070bfbb12): Total: 2.900 seconds - Initiated by StopAssetImportingV2(ForceSynchronousImport | ForceDomainReload)
	(Values over 0.05ms)
	Summary:
		Imports: total=0 (actual=0, local cache=0, cache server=0)
		Asset DB Process Time: managed=0 ms, native=1394 ms
		Asset DB Callback time: managed=499 ms, native=208 ms
		Scripting: domain reloads=1, domain reload time=796 ms, compile time=1 ms, other=0 ms
		Project Asset Count: scripts=1363, non-scripts=2319
		Asset File Changes: new=0, changed=0, moved=0, deleted=0
		Scan Filter Count: 0
	InvokePackagesCallback: 1.109ms
	ApplyChangesToAssetFolders: 0.251ms
	Collect global state as custom dependencies: 2.146ms
	ProcessAssetsWithTransientArtifactChanges: 125.447ms
	CategorizeAssets: 35.103ms
	CompileScripts: 1.435ms
	ImportOutOfDateAssets: 1196.215ms (1174.919ms without children)
		CollectScriptTypesHashes: 1.236ms
		ReloadNativeAssets: 0.750ms
		UnloadImportedAssets: 1.326ms
		EnsureUptoDateAssetsAreRegisteredWithGuidPM: 0.386ms
		ImportSchedulerStart: 18.817ms
	PostProcessAllAssets: 702.675ms
		AssemblyValidation.PostprocessAllAssets 14.994ms
		PostProcessCallbackCreateDeferredMaterials 11.696ms
		PostprocessAssetsUpdateCachedIcon 11.127ms
		RaytracingShaderImportPostprocess 6.221ms
		ShaderAssetModifiedCallback 6.213ms
		ComputeShaderImportPostprocess 4.883ms
		SpeedTreeImporter.PostprocessAllAssets 4.596ms
		BlockShaderImporter.PostprocessAllAssets 2.309ms
		LocalizationDatabase.AssetDatabasePostprocessCallback 2.144ms
		XRBuildSystem.XRAssetImported 0.397ms
		MonoPostProcessAllAssets: 497.052ms
			SyncVS.PostprocessSyncProject 156.076ms
			ShaderGraphAssetPostProcessor.OnPostprocessAllAssets 123.550ms
			AssetPostprocessor.OnPostprocessAllAssets 38.970ms
			PostProcessor.OnPostprocessAllAssets 31.419ms
			MaterialPostprocessor.OnPostprocessAllAssets 22.306ms
			InputActionJsonNameModifierAssetProcessor.OnPostprocessAllAssets 22.288ms
			InputActionAssetPostprocessor.OnPostprocessAllAssets 21.909ms
			TextAssetPostProcessor.OnPostprocessAllAssets 13.010ms
			AssetChangedListener.OnPostprocessAllAssets 9.394ms
			UniversalRenderPipelineGlobalSettingsPostprocessor.OnPostprocessAllAssets 7.083ms
			BuilderAssetPostprocessor.OnPostprocessAllAssets 4.384ms
			SpeedTree9Postprocessor.OnPostprocessAllAssets 3.787ms
			RenderPipelineGlobalSettingsPostprocessor.OnPostprocessAllAssets 3.359ms
			WindowAssetPostprocessingWatcher.OnPostprocessAllAssets 1.311ms
			RetainedModeAssetPostprocessor.OnPostprocessAllAssets 1.296ms
			ProjectSettingsPostprocessor.OnPostprocessAllAssets 0.788ms
			ShaderReflectionAssetPostProcessor.OnPostprocessAllAssets 0.400ms
			ArtifactBrowserPostProcessor.OnPostprocessAllAssets 0.385ms
			StyleCatalogPostProcessor.OnPostprocessAllAssets 0.341ms
			UVCSAssetPostprocessor.OnPostprocessAllAssets 0.337ms
			SpeedTreePostProcessor.OnPostprocessAllAssets 0.239ms
			AudioMixerPostprocessor.OnPostprocessAllAssets 0.209ms
			TMPro_TexturePostProcessor.OnPostprocessAllAssets 0.206ms
			EditModeScopePostprocessor.OnPostprocessAllAssets 0.201ms
			ReferencedClipsPostProcessor.OnPostprocessAllAssets 0.194ms
			SamplePostprocessor.OnPostprocessAllAssets 0.186ms
			SampleDependencyImporterPostProcessor.OnPostprocessAllAssets 0.184ms
			AssetEvents.OnPostprocessAllAssets 0.152ms
			TerrainToolbarOverlayPostProcessor.OnPostprocessAllAssets 0.126ms
			AssetDatabaseCallbacks.OnPostprocessAllAssets 0.100ms
			ConfigAssetsTracker.OnPostprocessAllAssets 0.089ms
			ScenarioDriftAssetsTracker.OnPostprocessAllAssets 0.085ms
			AssetReloadNotifier.OnPostprocessAllAssets 0.076ms
			AudioContainerPostProcessor.OnPostprocessAllAssets 0.053ms
	PostAssetChangesProfiler: 4.961ms
	GatherAllCurrentPrimaryImportResultRevisions: 0.130ms
	UnloadStreamsBegin: 1.402ms
	PersistCurrentRevisions: 0.098ms
	GenerateScriptTypeHashes: 2.259ms
	GenerateScriptTypeSerializationHashes: 3.696ms
	Untracked: 821.922ms

Loaded scene 'Temp/__Backupscenes/0.backup'
	Deserialize:            1.104 ms
	Integration:            370.351 ms
	Integration of assets:  0.001 ms
	Thread Wait Time:       0.094 ms
	Total Operation Time:   371.550 ms
[Licensing::Client] Successfully resolved entitlement details
[Licensing::Client] Successfully resolved entitlement details
Unloading 2 Unused Serialized files (Serialized files now loaded: 0)
Loaded scene 'Temp/__Backupscenes/0.backup'
	Deserialize:            0.922 ms
	Integration:            161.324 ms
	Integration of assets:  0.003 ms
	Thread Wait Time:       0.034 ms
	Total Operation Time:   162.283 ms
Unloading 5950 unused Assets / (8.0 MB). Loaded Objects now: 8786.
Memory consumption went from 0.65 GB to 0.64 GB.
Total: 17.102800 ms (FindLiveObjects: 0.496300 ms CreateObjectMapping: 1.402600 ms MarkObjects: 13.442800 ms  DeleteObjects: 1.760200 ms)

[Licensing::Client] Successfully resolved entitlement details
[ScriptCompilation] Requested script compilation because: AssetDatabase observed changes in script compilation related files
[Licensing::Client] Successfully resolved entitlement details
Asset Pipeline Refresh (id=4a4ca5e22daa38345889f13f19d492b2): Total: 0.166 seconds - Initiated by StopAssetImportingV2(NoUpdateAssetOptions)
info: Microsoft.AspNetCore.Hosting.Diagnostics[1]
      Request starting HTTP/2 POST http://ilpp/UnityILPP.PostProcessing/Ping - application/grpc -
info: Microsoft.AspNetCore.Routing.EndpointMiddleware[0]
      Executing endpoint 'gRPC - /UnityILPP.PostProcessing/Ping'
info: Microsoft.AspNetCore.Routing.EndpointMiddleware[1]
      Executed endpoint 'gRPC - /UnityILPP.PostProcessing/Ping'
info: Microsoft.AspNetCore.Hosting.Diagnostics[2]
      Request finished HTTP/2 POST http://ilpp/UnityILPP.PostProcessing/Ping - 200 - application/grpc 0.5775ms
[Worker0] Imported GUID: a13118958351ea74592fe1aaedd54fb9 - Path: Assets/scripts/NewMonoBehaviourScript.cs - Importer: PreviewImporter -> (ImportResultId: '6b8e9336d0e7640dea586d9b6b884fcb') in 0.0087522 seconds
Starting: C:\Program Files\Unity\Hub\Editor\6000.5.7f1\Editor\Data\Tools\BuildPipeline\bee_backend.exe --ipc --defer-dag-verification --dagfile="Library/Bee/1900b0aE.dag" --continue-on-failure --profile="Library/Bee/backend1.traceevents" ScriptAssemblies
WorkingDir: C:/Users/00000859601/Documents/GitHub/oto/HUGUINHO
info: Microsoft.AspNetCore.Hosting.Diagnostics[1]
      Request starting HTTP/2 POST http://ilpp/UnityILPP.PostProcessing/ConfigurePostProcessors - application/grpc -
info: Microsoft.AspNetCore.Routing.EndpointMiddleware[0]
      Executing endpoint 'gRPC - /UnityILPP.PostProcessing/ConfigurePostProcessors'
info: Unity.ILPP.Runner.PostProcessingAssemblyLoadContext[0]
      Current configuration matches the requested one, skipping
info: Microsoft.AspNetCore.Routing.EndpointMiddleware[1]
      Executed endpoint 'gRPC - /UnityILPP.PostProcessing/ConfigurePostProcessors'
info: Microsoft.AspNetCore.Hosting.Diagnostics[2]
      Request finished HTTP/2 POST http://ilpp/UnityILPP.PostProcessing/ConfigurePostProcessors - 200 - application/grpc 3.1193ms
ExitCode: 4 Duration: 0s145ms
Rebuilding DAG because FileSignature timestamp changed: Library/Bee/1900b0aE-inputdata.json
[737/936    0s] ILPP-Configuration Library/ilpp-configuration.nevergeneratedoutput
*** Tundra requires additional run (0.12 seconds), 1 items updated, 736 evaluated
Starting: C:\Program Files\Unity\Hub\Editor\6000.5.7f1\Editor\Data\netcorerun\netcorerun.exe "C:\Program Files\Unity\Hub\Editor\6000.5.7f1\Editor\Data\Tools\BuildPipeline\ScriptCompilationBuildProgram.exe" "Library/Bee/1900b0aE.dag.json" "Library/Bee/1900b0aE-inputdata.json" "Library\Bee\buildprogram0.traceevents"
WorkingDir: C:/Users/00000859601/Documents/GitHub/oto/HUGUINHO
[Worker0] Imported GUID: a13118958351ea74592fe1aaedd54fb9 - Path: Assets/scripts/NewMonoBehaviourScript.cs - Importer: ScriptedImporter/UnityEditor.QuickSearchModule:UnityEditor.Search:ASIAI0B -> (ImportResultId: 'f1457c1269bd222018eb32b9a1c61950') in 0.0598594 seconds
ExitCode: 0 Duration: 0s838ms
Starting: C:\Program Files\Unity\Hub\Editor\6000.5.7f1\Editor\Data\Tools\BuildPipeline\bee_backend.exe --ipc --defer-dag-verification --dagfile="Library/Bee/1900b0aE.dag" --continue-on-failure --dagfilejson="Library\Bee\1900b0aE.dag.json" --profile="Library/Bee/backend2.traceevents" ScriptAssemblies
WorkingDir: C:/Users/00000859601/Documents/GitHub/oto/HUGUINHO
info: Microsoft.AspNetCore.Hosting.Diagnostics[1]
      Request starting HTTP/2 POST http://ilpp/UnityILPP.PostProcessing/ConfigurePostProcessors - application/grpc -
info: Microsoft.AspNetCore.Routing.EndpointMiddleware[0]
      Executing endpoint 'gRPC - /UnityILPP.PostProcessing/ConfigurePostProcessors'
info: Unity.ILPP.Runner.PostProcessingAssemblyLoadContext[0]
      Current configuration matches the requested one, skipping
info: Microsoft.AspNetCore.Routing.EndpointMiddleware[1]
      Executed endpoint 'gRPC - /UnityILPP.PostProcessing/ConfigurePostProcessors'
info: Microsoft.AspNetCore.Hosting.Diagnostics[2]
      Request finished HTTP/2 POST http://ilpp/UnityILPP.PostProcessing/ConfigurePostProcessors - 200 - application/grpc 0.4434ms
info: Microsoft.AspNetCore.Hosting.Diagnostics[1]
      Request starting HTTP/2 POST http://ilpp/UnityILPP.PostProcessing/PostProcessAssembly - application/grpc -
info: Microsoft.AspNetCore.Routing.EndpointMiddleware[0]
      Executing endpoint 'gRPC - /UnityILPP.PostProcessing/PostProcessAssembly'
info: Unity.ILPP.Runner.PostProcessingPipeline[0]
      Processing assembly Library/Bee/artifacts/1900b0aE.dag/Assembly-CSharp.dll, with 142 defines and 339 references
info: Unity.ILPP.Runner.PostProcessingPipeline[0]
      processors: Unity.Jobs.CodeGen.JobsILPostProcessor, zzzUnity.Burst.CodeGen.BurstILPostProcessor
info: Unity.ILPP.Runner.PostProcessingPipeline[0]
      running Unity.Jobs.CodeGen.JobsILPostProcessor
info: Unity.ILPP.Runner.PostProcessingAssemblyLoadContext[0]
      Resolved Unity.Collections, Version=0.0.0.0, Culture=neutral, PublicKeyToken=null with Library\Bee\artifacts\1900b0aE.dag\Unity.Collections.dll
info: Unity.ILPP.Runner.PostProcessingAssemblyLoadContext[0]
      Resolved UnityEditor.CoreModule, Version=0.0.0.0, Culture=neutral, PublicKeyToken=null with C:\Program Files\Unity\Hub\Editor\6000.5.7f1\Editor\Data\Managed\UnityEngine\UnityEditor.CoreModule.dll
info: Unity.ILPP.Runner.PostProcessingAssemblyLoadContext[0]
      Resolved UnityEngine.CoreModule, Version=0.0.0.0, Culture=neutral, PublicKeyToken=null with C:\Program Files\Unity\Hub\Editor\6000.5.7f1\Editor\Data\Managed\UnityEngine\UnityEngine.CoreModule.dll
info: Unity.ILPP.Runner.PostProcessingAssemblyLoadContext[0]
      Resolved Unity.Scripting, Version=0.0.0.0, Culture=neutral, PublicKeyToken=null with C:\Program Files\Unity\Hub\Editor\6000.5.7f1\Editor\Data\Managed\UnityEngine\Unity.Scripting.dll
info: Unity.ILPP.Runner.PostProcessingPipeline[0]
      running zzzUnity.Burst.CodeGen.BurstILPostProcessor
info: Unity.ILPP.Runner.PostProcessingAssemblyLoadContext[0]
      Resolved Unity.Burst.Cecil.Rocks, Version=0.11.6.0, Culture=neutral, PublicKeyToken=50cebf1cceb9d05e with Library\PackageCache\com.unity.burst@2f3d916873ea\Unity.Burst.CodeGen\Unity.Burst.Cecil.Rocks.dll
info: Microsoft.AspNetCore.Hosting.Diagnostics[1]
      Request starting HTTP/2 POST http://ilpp/UnityILPP.PostProcessing/PostProcessAssembly - application/grpc -
info: Microsoft.AspNetCore.Routing.EndpointMiddleware[0]
      Executing endpoint 'gRPC - /UnityILPP.PostProcessing/PostProcessAssembly'
info: Unity.ILPP.Runner.PostProcessingPipeline[0]
      Processing assembly Library/Bee/artifacts/1900b0aE.dag/Assembly-CSharp-Editor.dll, with 140 defines and 361 references
info: Unity.ILPP.Runner.PostProcessingPipeline[0]
      processors: Unity.Jobs.CodeGen.JobsILPostProcessor, zzzUnity.Burst.CodeGen.BurstILPostProcessor
info: Unity.ILPP.Runner.PostProcessingPipeline[0]
      running Unity.Jobs.CodeGen.JobsILPostProcessor
info: Microsoft.AspNetCore.Routing.EndpointMiddleware[1]
      Executed endpoint 'gRPC - /UnityILPP.PostProcessing/PostProcessAssembly'
info: Microsoft.AspNetCore.Hosting.Diagnostics[2]
      Request finished HTTP/2 POST http://ilpp/UnityILPP.PostProcessing/PostProcessAssembly - 200 - application/grpc 246.0407ms
info: Unity.ILPP.Runner.PostProcessingPipeline[0]
      running zzzUnity.Burst.CodeGen.BurstILPostProcessor
info: Microsoft.AspNetCore.Routing.EndpointMiddleware[1]
      Executed endpoint 'gRPC - /UnityILPP.PostProcessing/PostProcessAssembly'
info: Microsoft.AspNetCore.Hosting.Diagnostics[2]
      Request finished HTTP/2 POST http://ilpp/UnityILPP.PostProcessing/PostProcessAssembly - 200 - application/grpc 24.3270ms
ExitCode: 0 Duration: 0s697ms
Finished compiling graph: 940 nodes, 17979 flattened edges (15021 ToBuild, 144 ToUse), maximum node priority 997
[520/936    0s] WriteText Library/Bee/artifacts/1900b0aE.dag/Assembly-CSharp.rsp
[735/936    0s] ILPP-Configuration Library/ilpp-configuration.nevergeneratedoutput
[928/936    0s] Csc Library/Bee/artifacts/1900b0aE.dag/Assembly-CSharp.dll (+2 others)
[929/936    0s] Csc Library/Bee/artifacts/1900b0aE.dag/Assembly-CSharp-Editor.dll (+2 others)
[930/936    0s] ILPostProcess Library/Bee/artifacts/1900b0aE.dag/post-processed/Assembly-CSharp.dll (+pdb)
Processing assembly Library/Bee/artifacts/1900b0aE.dag/Assembly-CSharp.dll, with 142 defines and 339 references

processors: Unity.Jobs.CodeGen.JobsILPostProcessor, zzzUnity.Burst.CodeGen.BurstILPostProcessor

running Unity.Jobs.CodeGen.JobsILPostProcessor

running zzzUnity.Burst.CodeGen.BurstILPostProcessor
[931/936    0s] ILPostProcess Library/Bee/artifacts/1900b0aE.dag/post-processed/Assembly-CSharp-Editor.dll (+pdb)
Processing assembly Library/Bee/artifacts/1900b0aE.dag/Assembly-CSharp-Editor.dll, with 140 defines and 361 references

processors: Unity.Jobs.CodeGen.JobsILPostProcessor, zzzUnity.Burst.CodeGen.BurstILPostProcessor

running Unity.Jobs.CodeGen.JobsILPostProcessor

running zzzUnity.Burst.CodeGen.BurstILPostProcessor
[932/936    0s] CopyFiles Library/ScriptAssemblies/Assembly-CSharp.dll
[933/936    0s] CopyFiles Library/ScriptAssemblies/Assembly-CSharp.pdb
[934/936    0s] CopyFiles Library/ScriptAssemblies/Assembly-CSharp-Editor.pdb
[935/936    0s] CopyFiles Library/ScriptAssemblies/Assembly-CSharp-Editor.dll
*** Tundra build success (0.68 seconds), 10 items updated, 936 evaluated
[ScriptCompilation] Requested script compilation because: AssetDatabase observed changes in script compilation related files
Asset Pipeline Refresh (id=93e84b76c14e82d41a427ce752b762aa): Total: 0.180 seconds - Initiated by StopAssetImportingV2(NoUpdateAssetOptions)
info: Microsoft.AspNetCore.Hosting.Diagnostics[1]
      Request starting HTTP/2 POST http://ilpp/UnityILPP.PostProcessing/Ping - application/grpc -
info: Microsoft.AspNetCore.Routing.EndpointMiddleware[0]
      Executing endpoint 'gRPC - /UnityILPP.PostProcessing/Ping'
info: Microsoft.AspNetCore.Routing.EndpointMiddleware[1]
      Executed endpoint 'gRPC - /UnityILPP.PostProcessing/Ping'
info: Microsoft.AspNetCore.Hosting.Diagnostics[2]
      Request finished HTTP/2 POST http://ilpp/UnityILPP.PostProcessing/Ping - 200 - application/grpc 0.1700ms
Starting: C:\Program Files\Unity\Hub\Editor\6000.5.7f1\Editor\Data\Tools\BuildPipeline\bee_backend.exe --ipc --defer-dag-verification --dagfile="Library/Bee/1900b0aE.dag" --continue-on-failure --profile="Library/Bee/backend1.traceevents" ScriptAssemblies
WorkingDir: C:/Users/00000859601/Documents/GitHub/oto/HUGUINHO
Total cache size 141476592
Total cache size after purge 141476592, took 00:00:00.1321737
info: Microsoft.AspNetCore.Hosting.Diagnostics[1]
      Request starting HTTP/2 POST http://ilpp/UnityILPP.PostProcessing/ConfigurePostProcessors - application/grpc -
info: Microsoft.AspNetCore.Routing.EndpointMiddleware[0]
      Executing endpoint 'gRPC - /UnityILPP.PostProcessing/ConfigurePostProcessors'
info: Unity.ILPP.Runner.PostProcessingAssemblyLoadContext[0]
      Current configuration matches the requested one, skipping
info: Microsoft.AspNetCore.Routing.EndpointMiddleware[1]
      Executed endpoint 'gRPC - /UnityILPP.PostProcessing/ConfigurePostProcessors'
info: Microsoft.AspNetCore.Hosting.Diagnostics[2]
      Request finished HTTP/2 POST http://ilpp/UnityILPP.PostProcessing/ConfigurePostProcessors - 200 - application/grpc 0.6894ms
Starting: C:\Program Files\Unity\Hub\Editor\6000.5.7f1\Editor\Data\netcorerun\netcorerun.exe "C:\Program Files\Unity\Hub\Editor\6000.5.7f1\Editor\Data\Tools\BuildPipeline\ScriptCompilationBuildProgram.exe" "Library/Bee/1900b0aE.dag.json" "Library/Bee/1900b0aE-inputdata.json" "Library\Bee\buildprogram0.traceevents"
WorkingDir: C:/Users/00000859601/Documents/GitHub/oto/HUGUINHO
ExitCode: 4 Duration: 0s252ms
[735/936    0s] ILPP-Configuration Library/ilpp-configuration.nevergeneratedoutput
Rebuilding DAG because FileSignature timestamp changed: Library/Bee/1900b0aE-inputdata.json
*** Tundra requires additional run (0.22 seconds), 2 items updated, 927 evaluated
ExitCode: 0 Duration: 0s780ms
Starting: C:\Program Files\Unity\Hub\Editor\6000.5.7f1\Editor\Data\Tools\BuildPipeline\bee_backend.exe --ipc --defer-dag-verification --dagfile="Library/Bee/1900b0aE.dag" --continue-on-failure --dagfilejson="Library\Bee\1900b0aE.dag.json" --profile="Library/Bee/backend2.traceevents" ScriptAssemblies
WorkingDir: C:/Users/00000859601/Documents/GitHub/oto/HUGUINHO
info: Microsoft.AspNetCore.Hosting.Diagnostics[1]
      Request starting HTTP/2 POST http://ilpp/UnityILPP.PostProcessing/ConfigurePostProcessors - application/grpc -
info: Microsoft.AspNetCore.Routing.EndpointMiddleware[0]
      Executing endpoint 'gRPC - /UnityILPP.PostProcessing/ConfigurePostProcessors'
info: Unity.ILPP.Runner.PostProcessingAssemblyLoadContext[0]
      Current configuration matches the requested one, skipping
info: Microsoft.AspNetCore.Routing.EndpointMiddleware[1]
      Executed endpoint 'gRPC - /UnityILPP.PostProcessing/ConfigurePostProcessors'
info: Microsoft.AspNetCore.Hosting.Diagnostics[2]
      Request finished HTTP/2 POST http://ilpp/UnityILPP.PostProcessing/ConfigurePostProcessors - 200 - application/grpc 0.9563ms
info: Microsoft.AspNetCore.Hosting.Diagnostics[1]
      Request starting HTTP/2 POST http://ilpp/UnityILPP.PostProcessing/PostProcessAssembly - application/grpc -
info: Microsoft.AspNetCore.Routing.EndpointMiddleware[0]
      Executing endpoint 'gRPC - /UnityILPP.PostProcessing/PostProcessAssembly'
info: Unity.ILPP.Runner.PostProcessingPipeline[0]
      Processing assembly Library/Bee/artifacts/1900b0aE.dag/Assembly-CSharp.dll, with 142 defines and 339 references
info: Unity.ILPP.Runner.PostProcessingPipeline[0]
      processors: Unity.Jobs.CodeGen.JobsILPostProcessor, zzzUnity.Burst.CodeGen.BurstILPostProcessor
info: Unity.ILPP.Runner.PostProcessingPipeline[0]
      running Unity.Jobs.CodeGen.JobsILPostProcessor
info: Unity.ILPP.Runner.PostProcessingPipeline[0]
      running zzzUnity.Burst.CodeGen.BurstILPostProcessor
info: Microsoft.AspNetCore.Routing.EndpointMiddleware[1]
      Executed endpoint 'gRPC - /UnityILPP.PostProcessing/PostProcessAssembly'
info: Microsoft.AspNetCore.Hosting.Diagnostics[2]
      Request finished HTTP/2 POST http://ilpp/UnityILPP.PostProcessing/PostProcessAssembly - 200 - application/grpc 25.5285ms
info: Microsoft.AspNetCore.Hosting.Diagnostics[1]
      Request starting HTTP/2 POST http://ilpp/UnityILPP.PostProcessing/PostProcessAssembly - application/grpc -
info: Microsoft.AspNetCore.Routing.EndpointMiddleware[0]
      Executing endpoint 'gRPC - /UnityILPP.PostProcessing/PostProcessAssembly'
info: Unity.ILPP.Runner.PostProcessingPipeline[0]
      Processing assembly Library/Bee/artifacts/1900b0aE.dag/Assembly-CSharp-Editor.dll, with 140 defines and 361 references
info: Unity.ILPP.Runner.PostProcessingPipeline[0]
      processors: Unity.Jobs.CodeGen.JobsILPostProcessor, zzzUnity.Burst.CodeGen.BurstILPostProcessor
info: Unity.ILPP.Runner.PostProcessingPipeline[0]
      running Unity.Jobs.CodeGen.JobsILPostProcessor
info: Unity.ILPP.Runner.PostProcessingPipeline[0]
      running zzzUnity.Burst.CodeGen.BurstILPostProcessor
info: Microsoft.AspNetCore.Routing.EndpointMiddleware[1]
      Executed endpoint 'gRPC - /UnityILPP.PostProcessing/PostProcessAssembly'
info: Microsoft.AspNetCore.Hosting.Diagnostics[2]
      Request finished HTTP/2 POST http://ilpp/UnityILPP.PostProcessing/PostProcessAssembly - 200 - application/grpc 19.9977ms
ExitCode: 0 Duration: 0s702ms
Finished compiling graph: 940 nodes, 17979 flattened edges (15021 ToBuild, 144 ToUse), maximum node priority 997
[520/936    0s] WriteText Library/Bee/artifacts/1900b0aE.dag/Assembly-CSharp.rsp
[735/936    0s] ILPP-Configuration Library/ilpp-configuration.nevergeneratedoutput
[928/936    0s] Csc Library/Bee/artifacts/1900b0aE.dag/Assembly-CSharp.dll (+2 others)
[929/936    0s] ILPostProcess Library/Bee/artifacts/1900b0aE.dag/post-processed/Assembly-CSharp.dll (+pdb)
Processing assembly Library/Bee/artifacts/1900b0aE.dag/Assembly-CSharp.dll, with 142 defines and 339 references

processors: Unity.Jobs.CodeGen.JobsILPostProcessor, zzzUnity.Burst.CodeGen.BurstILPostProcessor

running Unity.Jobs.CodeGen.JobsILPostProcessor

running zzzUnity.Burst.CodeGen.BurstILPostProcessor
[930/936    0s] CopyFiles Library/ScriptAssemblies/Assembly-CSharp.dll
[931/936    0s] CopyFiles Library/ScriptAssemblies/Assembly-CSharp.pdb
[932/936    0s] Csc Library/Bee/artifacts/1900b0aE.dag/Assembly-CSharp-Editor.dll (+2 others)
[933/936    0s] ILPostProcess Library/Bee/artifacts/1900b0aE.dag/post-processed/Assembly-CSharp-Editor.dll (+pdb)
Processing assembly Library/Bee/artifacts/1900b0aE.dag/Assembly-CSharp-Editor.dll, with 140 defines and 361 references

processors: Unity.Jobs.CodeGen.JobsILPostProcessor, zzzUnity.Burst.CodeGen.BurstILPostProcessor

running Unity.Jobs.CodeGen.JobsILPostProcessor

running zzzUnity.Burst.CodeGen.BurstILPostProcessor
[934/936    0s] CopyFiles Library/ScriptAssemblies/Assembly-CSharp-Editor.dll
[935/936    0s] CopyFiles Library/ScriptAssemblies/Assembly-CSharp-Editor.pdb
*** Tundra build success (0.67 seconds), 10 items updated, 936 evaluated
Reloading assemblies after forced synchronous recompile.
Begin MonoManager ReloadAssembly
Total cache size 141476592
Total cache size after purge 141476592, took 00:00:00.1198778
Refreshing native plugins compatible for Editor in 2.33 ms, found 4 plugins.
Native extension for WindowsStandalone target not found
[MODES] ModeService[none].Initialize
[MODES] ModeService[none].LoadModes
ScheduleIndexationOnStartup MainProcess:True IndexOnStartup:True
Mono: successfully reloaded assembly
- Finished resetting the current domain, in  2.274 seconds
Domain Reload Profiling: 3550ms
	BeginReloadAssembly (924ms)
		DisableScriptedObjects (82ms)
		CreateAndSetChildDomain (389ms)
	RebuildCommonClasses (11ms)
	RebuildNativeTypeToScriptingClass (21ms)
	initialDomainReloadingComplete (93ms)
	LoadAllAssembliesAndSetupDomain (225ms)
		LoadAssemblies (173ms)
		AnalyzeDomain (48ms)
			TypeCache.Refresh (11ms)
			ResolveRequiredComponents (32ms)
	FinalizeReload (2276ms)
		SetupLoadedEditorAssemblies (0ms)
			BeforeProcessingInitializeOnLoad (244ms)
			ProcessInitializeOnLoadAttributes (505ms)
			ProcessInitializeOnLoadMethodAttributes (172ms)
			AfterProcessingInitializeOnLoad (12ms)
		AwakeInstancesAfterBackupRestoration (684ms)

Asset Pipeline Refresh (id=8a4ea19769b139440a49adfdff1fc2eb): Total: 5.314 seconds - Initiated by RefreshV2(ForceSynchronousImport)
	(Values over 0.05ms)
	Summary:
		Imports: total=0 (actual=0, local cache=0, cache server=0)
		Asset DB Process Time: managed=0 ms, native=2455 ms
		Asset DB Callback time: managed=33 ms, native=0 ms
		Scripting: domain reloads=1, domain reload time=1322 ms, compile time=1502 ms, other=0 ms
		Project Asset Count: scripts=1363, non-scripts=2319
		Asset File Changes: new=0, changed=0, moved=0, deleted=0
		Scan Filter Count: 0
	InvokePackagesCallback: 2.022ms
	ApplyChangesToAssetFolders: 0.349ms
	Scan: 21.168ms
	Collect global state as custom dependencies: 3.844ms
	ProcessAssetsWithTransientArtifactChanges: 0.292ms
	CategorizeAssets: 55.442ms
	CompileScripts: 1502.373ms
	ImportOutOfDateAssets: 2323.527ms (2291.921ms without children)
		CollectScriptTypesHashes: 0.642ms
		ReloadNativeAssets: 1.302ms
		UnloadImportedAssets: 0.226ms
		EnsureUptoDateAssetsAreRegisteredWithGuidPM: 0.544ms
		ImportSchedulerStart: 29.506ms
	PostProcessAllAssets: 33.387ms
		MonoPostProcessAllAssets: 33.382ms
			UniversalRenderPipelineGlobalSettingsPostprocessor.OnPostprocessAllAssets 11.478ms
			SyncVS.PostprocessSyncProject 3.414ms
			WindowAssetPostprocessingWatcher.OnPostprocessAllAssets 2.106ms
			SpeedTree9Postprocessor.OnPostprocessAllAssets 1.930ms
			EditModeScopePostprocessor.OnPostprocessAllAssets 1.045ms
			RenderPipelineGlobalSettingsPostprocessor.OnPostprocessAllAssets 0.816ms
			ProjectSettingsPostprocessor.OnPostprocessAllAssets 0.739ms
			ShaderGraphAssetPostProcessor.OnPostprocessAllAssets 0.376ms
			ShaderReflectionAssetPostProcessor.OnPostprocessAllAssets 0.363ms
			InputActionAssetPostprocessor.OnPostprocessAllAssets 0.312ms
			ReferencedClipsPostProcessor.OnPostprocessAllAssets 0.311ms
			AssetDatabaseCallbacks.OnPostprocessAllAssets 0.162ms
			TerrainToolbarOverlayPostProcessor.OnPostprocessAllAssets 0.154ms
			AssetChangedListener.OnPostprocessAllAssets 0.136ms
			StyleCatalogPostProcessor.OnPostprocessAllAssets 0.086ms
			RetainedModeAssetPostprocessor.OnPostprocessAllAssets 0.067ms
	GatherAllCurrentPrimaryImportResultRevisions: 0.129ms
	PersistCurrentRevisions: 0.116ms
	GenerateScriptTypeHashes: 3.107ms
	GenerateScriptTypeSerializationHashes: 5.133ms
	Untracked: 1357.857ms

[Licensing::Client] Successfully resolved entitlement details
[Licensing::Client] Successfully resolved entitlement details
Asset Pipeline Refresh (id=d1eaa874215fd0b48a9aa9408a574c0f): Total: 0.009 seconds - Initiated by RefreshV2(AllowForceSynchronousImport)
Asset Pipeline Refresh (id=ece60cd6d2e8dce47a4143dc9f1b0cb7): Total: 0.003 seconds - Initiated by RefreshV2(AllowForceSynchronousImport)
[Licensing::Client] Successfully resolved entitlement details
[ScriptCompilation] Requested script compilation because: AssetDatabase observed changes in script compilation related files
Refreshing native plugins compatible for Editor in 3.37 ms, found 4 plugins.
Asset Pipeline Refresh (id=6ae679552f73c4e4fbdc0b7e3d1f298d): Total: 0.124 seconds - Initiated by RefreshV2(NoUpdateAssetOptions)
[Worker0] Imported GUID: 0623c50e2f208804da971d47c8916ba2 - Path: Assets/scripts/ShootPool.cs - Importer: PreviewImporter -> (ImportResultId: 'a95607e27b1aa8482e80500abd5e83cb') in 0.0152821 seconds
[Licensing::Client] Successfully resolved entitlement details
info: Microsoft.AspNetCore.Hosting.Diagnostics[1]
      Request starting HTTP/2 POST http://ilpp/UnityILPP.PostProcessing/Ping - application/grpc -
info: Microsoft.AspNetCore.Routing.EndpointMiddleware[0]
      Executing endpoint 'gRPC - /UnityILPP.PostProcessing/Ping'
info: Microsoft.AspNetCore.Routing.EndpointMiddleware[1]
      Executed endpoint 'gRPC - /UnityILPP.PostProcessing/Ping'
info: Microsoft.AspNetCore.Hosting.Diagnostics[2]
      Request finished HTTP/2 POST http://ilpp/UnityILPP.PostProcessing/Ping - 200 - application/grpc 0.2772ms
Starting: C:\Program Files\Unity\Hub\Editor\6000.5.7f1\Editor\Data\Tools\BuildPipeline\bee_backend.exe --ipc --defer-dag-verification --dagfile="Library/Bee/1900b0aE.dag" --continue-on-failure --profile="Library/Bee/backend1.traceevents" ScriptAssemblies
WorkingDir: C:/Users/00000859601/Documents/GitHub/oto/HUGUINHO
info: Microsoft.AspNetCore.Hosting.Diagnostics[1]
      Request starting HTTP/2 POST http://ilpp/UnityILPP.PostProcessing/ConfigurePostProcessors - application/grpc -
info: Microsoft.AspNetCore.Routing.EndpointMiddleware[0]
      Executing endpoint 'gRPC - /UnityILPP.PostProcessing/ConfigurePostProcessors'
info: Unity.ILPP.Runner.PostProcessingAssemblyLoadContext[0]
      Current configuration matches the requested one, skipping
info: Microsoft.AspNetCore.Routing.EndpointMiddleware[1]
      Executed endpoint 'gRPC - /UnityILPP.PostProcessing/ConfigurePostProcessors'
info: Microsoft.AspNetCore.Hosting.Diagnostics[2]
      Request finished HTTP/2 POST http://ilpp/UnityILPP.PostProcessing/ConfigurePostProcessors - 200 - application/grpc 0.6967ms
info: Microsoft.AspNetCore.Hosting.Diagnostics[1]
      Request starting HTTP/2 POST http://ilpp/UnityILPP.PostProcessing/PostProcessAssembly - application/grpc -
info: Microsoft.AspNetCore.Routing.EndpointMiddleware[0]
      Executing endpoint 'gRPC - /UnityILPP.PostProcessing/PostProcessAssembly'
info: Unity.ILPP.Runner.PostProcessingPipeline[0]
      Processing assembly Library/Bee/artifacts/1900b0aE.dag/Assembly-CSharp.dll, with 142 defines and 339 references
info: Unity.ILPP.Runner.PostProcessingPipeline[0]
      processors: Unity.Jobs.CodeGen.JobsILPostProcessor, zzzUnity.Burst.CodeGen.BurstILPostProcessor
info: Unity.ILPP.Runner.PostProcessingPipeline[0]
      running Unity.Jobs.CodeGen.JobsILPostProcessor
info: Unity.ILPP.Runner.PostProcessingPipeline[0]
      running zzzUnity.Burst.CodeGen.BurstILPostProcessor
info: Microsoft.AspNetCore.Routing.EndpointMiddleware[1]
      Executed endpoint 'gRPC - /UnityILPP.PostProcessing/PostProcessAssembly'
info: Microsoft.AspNetCore.Hosting.Diagnostics[2]
      Request finished HTTP/2 POST http://ilpp/UnityILPP.PostProcessing/PostProcessAssembly - 200 - application/grpc 12.6940ms
info: Microsoft.AspNetCore.Hosting.Diagnostics[1]
      Request starting HTTP/2 POST http://ilpp/UnityILPP.PostProcessing/PostProcessAssembly - application/grpc -
info: Microsoft.AspNetCore.Routing.EndpointMiddleware[0]
      Executing endpoint 'gRPC - /UnityILPP.PostProcessing/PostProcessAssembly'
info: Unity.ILPP.Runner.PostProcessingPipeline[0]
      Processing assembly Library/Bee/artifacts/1900b0aE.dag/Assembly-CSharp-Editor.dll, with 140 defines and 361 references
info: Unity.ILPP.Runner.PostProcessingPipeline[0]
      processors: Unity.Jobs.CodeGen.JobsILPostProcessor, zzzUnity.Burst.CodeGen.BurstILPostProcessor
info: Unity.ILPP.Runner.PostProcessingPipeline[0]
      running Unity.Jobs.CodeGen.JobsILPostProcessor
info: Unity.ILPP.Runner.PostProcessingPipeline[0]
      running zzzUnity.Burst.CodeGen.BurstILPostProcessor
info: Microsoft.AspNetCore.Routing.EndpointMiddleware[1]
      Executed endpoint 'gRPC - /UnityILPP.PostProcessing/PostProcessAssembly'
info: Microsoft.AspNetCore.Hosting.Diagnostics[2]
      Request finished HTTP/2 POST http://ilpp/UnityILPP.PostProcessing/PostProcessAssembly - 200 - application/grpc 10.3434ms
ExitCode: 0 Duration: 1s87ms
[735/936    0s] ILPP-Configuration Library/ilpp-configuration.nevergeneratedoutput
[928/936    0s] Csc Library/Bee/artifacts/1900b0aE.dag/Assembly-CSharp.dll (+2 others)
[929/936    0s] ILPostProcess Library/Bee/artifacts/1900b0aE.dag/post-processed/Assembly-CSharp.dll (+pdb)
Processing assembly Library/Bee/artifacts/1900b0aE.dag/Assembly-CSharp.dll, with 142 defines and 339 references

processors: Unity.Jobs.CodeGen.JobsILPostProcessor, zzzUnity.Burst.CodeGen.BurstILPostProcessor

running Unity.Jobs.CodeGen.JobsILPostProcessor

running zzzUnity.Burst.CodeGen.BurstILPostProcessor
[930/936    0s] CopyFiles Library/ScriptAssemblies/Assembly-CSharp.pdb
[931/936    0s] CopyFiles Library/ScriptAssemblies/Assembly-CSharp.dll
[932/936    0s] Csc Library/Bee/artifacts/1900b0aE.dag/Assembly-CSharp-Editor.dll (+2 others)
[933/936    0s] ILPostProcess Library/Bee/artifacts/1900b0aE.dag/post-processed/Assembly-CSharp-Editor.dll (+pdb)
Processing assembly Library/Bee/artifacts/1900b0aE.dag/Assembly-CSharp-Editor.dll, with 140 defines and 361 references

processors: Unity.Jobs.CodeGen.JobsILPostProcessor, zzzUnity.Burst.CodeGen.BurstILPostProcessor

running Unity.Jobs.CodeGen.JobsILPostProcessor

running zzzUnity.Burst.CodeGen.BurstILPostProcessor
[934/936    0s] CopyFiles Library/ScriptAssemblies/Assembly-CSharp-Editor.pdb
[935/936    0s] CopyFiles Library/ScriptAssemblies/Assembly-CSharp-Editor.dll
*** Tundra build success (1.06 seconds), 9 items updated, 936 evaluated
Reloading assemblies after forced synchronous recompile.
Begin MonoManager ReloadAssembly
Total cache size 141476592
Total cache size after purge 141476592, took 00:00:00.2041400
Native extension for WindowsStandalone target not found
[MODES] ModeService[none].Initialize
[MODES] ModeService[none].LoadModes
ScheduleIndexationOnStartup MainProcess:True IndexOnStartup:True
Mono: successfully reloaded assembly
- Finished resetting the current domain, in  1.245 seconds
Domain Reload Profiling: 2284ms
	BeginReloadAssembly (720ms)
		DisableScriptedObjects (142ms)
		CreateAndSetChildDomain (381ms)
	RebuildCommonClasses (7ms)
	RebuildNativeTypeToScriptingClass (11ms)
	initialDomainReloadingComplete (42ms)
	LoadAllAssembliesAndSetupDomain (259ms)
		LoadAssemblies (91ms)
		AnalyzeDomain (159ms)
			TypeCache.Refresh (9ms)
			BuildScriptInfoCaches (132ms)
			ResolveRequiredComponents (18ms)
	FinalizeReload (1246ms)
		SetupLoadedEditorAssemblies (0ms)
			BeforeProcessingInitializeOnLoad (139ms)
			ProcessInitializeOnLoadAttributes (280ms)
			ProcessInitializeOnLoadMethodAttributes (106ms)
			AfterProcessingInitializeOnLoad (5ms)
		AwakeInstancesAfterBackupRestoration (384ms)

Asset Pipeline Refresh (id=f6e6d4702942d054892ef5e1f2ad8076): Total: 3.695 seconds - Initiated by RefreshV2(AllowForceSynchronousImport)
	(Values over 0.05ms)
	Summary:
		Imports: total=0 (actual=0, local cache=0, cache server=0)
		Asset DB Process Time: managed=0 ms, native=1354 ms
		Asset DB Callback time: managed=20 ms, native=0 ms
		Scripting: domain reloads=1, domain reload time=1081 ms, compile time=1237 ms, other=0 ms
		Project Asset Count: scripts=1363, non-scripts=2319
		Asset File Changes: new=0, changed=0, moved=0, deleted=0
		Scan Filter Count: 0
	InvokePackagesCallback: 1.347ms
	ApplyChangesToAssetFolders: 0.287ms
	Scan: 3.030ms
	Collect global state as custom dependencies: 2.287ms
	ProcessAssetsWithTransientArtifactChanges: 2.969ms
	CategorizeAssets: 34.445ms
	CompileScripts: 1236.985ms
	ImportOutOfDateAssets: 1274.844ms (1254.751ms without children)
		CollectScriptTypesHashes: 0.996ms
		ReloadNativeAssets: 0.790ms
		UnloadImportedAssets: 0.122ms
		EnsureUptoDateAssetsAreRegisteredWithGuidPM: 0.419ms
		ImportSchedulerStart: 18.745ms
	PostProcessAllAssets: 20.869ms
		MonoPostProcessAllAssets: 20.865ms
			UniversalRenderPipelineGlobalSettingsPostprocessor.OnPostprocessAllAssets 6.857ms
			AssetChangedListener.OnPostprocessAllAssets 5.299ms
			AssetPostprocessor.OnPostprocessAllAssets 4.319ms
			SyncVS.PostprocessSyncProject 2.062ms
			ShaderGraphAssetPostProcessor.OnPostprocessAllAssets 1.394ms
			WindowAssetPostprocessingWatcher.OnPostprocessAllAssets 1.325ms
			SpeedTree9Postprocessor.OnPostprocessAllAssets 1.281ms
			RetainedModeAssetPostprocessor.OnPostprocessAllAssets 1.267ms
			BuilderAssetPostprocessor.OnPostprocessAllAssets 0.915ms
			TMPro_TexturePostProcessor.OnPostprocessAllAssets 0.707ms
			EditModeScopePostprocessor.OnPostprocessAllAssets 0.679ms
			ArtifactBrowserPostProcessor.OnPostprocessAllAssets 0.654ms
			UVCSAssetPostprocessor.OnPostprocessAllAssets 0.615ms
			MaterialPostprocessor.OnPostprocessAllAssets 0.595ms
			RenderPipelineGlobalSettingsPostprocessor.OnPostprocessAllAssets 0.527ms
			ProjectSettingsPostprocessor.OnPostprocessAllAssets 0.492ms
			AudioMixerPostprocessor.OnPostprocessAllAssets 0.459ms
			TextAssetPostProcessor.OnPostprocessAllAssets 0.381ms
			SampleDependencyImporterPostProcessor.OnPostprocessAllAssets 0.354ms
			InputActionJsonNameModifierAssetProcessor.OnPostprocessAllAssets 0.335ms
			PostProcessor.OnPostprocessAllAssets 0.268ms
			StyleCatalogPostProcessor.OnPostprocessAllAssets 0.251ms
			ShaderReflectionAssetPostProcessor.OnPostprocessAllAssets 0.243ms
			AssetEvents.OnPostprocessAllAssets 0.240ms
			ConfigAssetsTracker.OnPostprocessAllAssets 0.222ms
			SpeedTreePostProcessor.OnPostprocessAllAssets 0.207ms
			InputActionAssetPostprocessor.OnPostprocessAllAssets 0.196ms
			ReferencedClipsPostProcessor.OnPostprocessAllAssets 0.194ms
			AssetReloadNotifier.OnPostprocessAllAssets 0.179ms
			ScenarioDriftAssetsTracker.OnPostprocessAllAssets 0.163ms
			SamplePostprocessor.OnPostprocessAllAssets 0.156ms
			AssetDatabaseCallbacks.OnPostprocessAllAssets 0.108ms
			TerrainToolbarOverlayPostProcessor.OnPostprocessAllAssets 0.108ms
			AudioContainerPostProcessor.OnPostprocessAllAssets 0.093ms
	GatherAllCurrentPrimaryImportResultRevisions: 0.196ms
	PersistCurrentRevisions: 0.095ms
	GenerateScriptTypeHashes: 1.605ms
	GenerateScriptTypeSerializationHashes: 2.681ms
	Untracked: 1112.081ms

[Licensing::Client] Successfully resolved entitlement details
[Licensing::Client] Successfully resolved entitlement details
Reloading assemblies for play mode.
Reloading assemblies after forced synchronous recompile.
Begin MonoManager ReloadAssembly
Native extension for WindowsStandalone target not found
ScheduleIndexationOnStartup MainProcess:True IndexOnStartup:True
[MODES] ModeService[none].Initialize
[MODES] ModeService[none].LoadModes
Mono: successfully reloaded assembly
- Finished resetting the current domain, in  1.216 seconds
Domain Reload Profiling: 1911ms
	BeginReloadAssembly (513ms)
		DisableScriptedObjects (70ms)
		CreateAndSetChildDomain (324ms)
	RebuildCommonClasses (7ms)
	RebuildNativeTypeToScriptingClass (11ms)
	initialDomainReloadingComplete (41ms)
	LoadAllAssembliesAndSetupDomain (123ms)
		LoadAssemblies (84ms)
		AnalyzeDomain (26ms)
			TypeCache.Refresh (6ms)
			ResolveRequiredComponents (17ms)
	FinalizeReload (1216ms)
		SetupLoadedEditorAssemblies (0ms)
			BeforeProcessingInitializeOnLoad (60ms)
			ProcessInitializeOnLoadAttributes (273ms)
			ProcessInitializeOnLoadMethodAttributes (105ms)
			AfterProcessingInitializeOnLoad (5ms)
		AwakeInstancesAfterBackupRestoration (416ms)

Asset Pipeline Refresh (id=fad3b214ee6fd1f458ad6bf964c53be5): Total: 2.060 seconds - Initiated by StopAssetImportingV2(ForceSynchronousImport | ForceDomainReload)
	(Values over 0.05ms)
	Summary:
		Imports: total=0 (actual=0, local cache=0, cache server=0)
		Asset DB Process Time: managed=0 ms, native=1310 ms
		Asset DB Callback time: managed=20 ms, native=0 ms
		Scripting: domain reloads=1, domain reload time=727 ms, compile time=1 ms, other=0 ms
		Project Asset Count: scripts=1363, non-scripts=2319
		Asset File Changes: new=0, changed=0, moved=0, deleted=0
		Scan Filter Count: 0
	InvokePackagesCallback: 1.049ms
	ApplyChangesToAssetFolders: 0.255ms
	Collect global state as custom dependencies: 1.756ms
	ProcessAssetsWithTransientArtifactChanges: 0.157ms
	CategorizeAssets: 33.922ms
	CompileScripts: 1.447ms
	ImportOutOfDateAssets: 1244.368ms (1224.771ms without children)
		CollectScriptTypesHashes: 0.549ms
		ReloadNativeAssets: 0.787ms
		UnloadImportedAssets: 0.109ms
		EnsureUptoDateAssetsAreRegisteredWithGuidPM: 0.385ms
		ImportSchedulerStart: 18.301ms
	PostProcessAllAssets: 20.055ms
		MonoPostProcessAllAssets: 20.051ms
			UniversalRenderPipelineGlobalSettingsPostprocessor.OnPostprocessAllAssets 6.720ms
			AssetChangedListener.OnPostprocessAllAssets 5.299ms
			AssetPostprocessor.OnPostprocessAllAssets 4.319ms
			SyncVS.PostprocessSyncProject 2.161ms
			ShaderGraphAssetPostProcessor.OnPostprocessAllAssets 1.394ms
			WindowAssetPostprocessingWatcher.OnPostprocessAllAssets 1.333ms
			RetainedModeAssetPostprocessor.OnPostprocessAllAssets 1.267ms
			SpeedTree9Postprocessor.OnPostprocessAllAssets 1.232ms
			BuilderAssetPostprocessor.OnPostprocessAllAssets 0.915ms
			TMPro_TexturePostProcessor.OnPostprocessAllAssets 0.707ms
			ArtifactBrowserPostProcessor.OnPostprocessAllAssets 0.654ms
			UVCSAssetPostprocessor.OnPostprocessAllAssets 0.615ms
			MaterialPostprocessor.OnPostprocessAllAssets 0.595ms
			RenderPipelineGlobalSettingsPostprocessor.OnPostprocessAllAssets 0.516ms
			ProjectSettingsPostprocessor.OnPostprocessAllAssets 0.509ms
			AudioMixerPostprocessor.OnPostprocessAllAssets 0.459ms
			TextAssetPostProcessor.OnPostprocessAllAssets 0.381ms
			SampleDependencyImporterPostProcessor.OnPostprocessAllAssets 0.354ms
			InputActionJsonNameModifierAssetProcessor.OnPostprocessAllAssets 0.335ms
			PostProcessor.OnPostprocessAllAssets 0.268ms
			StyleCatalogPostProcessor.OnPostprocessAllAssets 0.251ms
			ShaderReflectionAssetPostProcessor.OnPostprocessAllAssets 0.243ms
			AssetEvents.OnPostprocessAllAssets 0.240ms
			ConfigAssetsTracker.OnPostprocessAllAssets 0.222ms
			InputActionAssetPostprocessor.OnPostprocessAllAssets 0.213ms
			SpeedTreePostProcessor.OnPostprocessAllAssets 0.207ms
			EditModeScopePostprocessor.OnPostprocessAllAssets 0.200ms
			ReferencedClipsPostProcessor.OnPostprocessAllAssets 0.190ms
			AssetReloadNotifier.OnPostprocessAllAssets 0.179ms
			ScenarioDriftAssetsTracker.OnPostprocessAllAssets 0.163ms
			SamplePostprocessor.OnPostprocessAllAssets 0.156ms
			TerrainToolbarOverlayPostProcessor.OnPostprocessAllAssets 0.114ms
			AssetDatabaseCallbacks.OnPostprocessAllAssets 0.101ms
			AudioContainerPostProcessor.OnPostprocessAllAssets 0.093ms
	GatherAllCurrentPrimaryImportResultRevisions: 0.133ms
	PersistCurrentRevisions: 0.095ms
	GenerateScriptTypeHashes: 1.626ms
	GenerateScriptTypeSerializationHashes: 2.723ms
	Untracked: 750.208ms

Loaded scene 'Temp/__Backupscenes/0.backup'
	Deserialize:            1.162 ms
	Integration:            381.469 ms
	Integration of assets:  0.001 ms
	Thread Wait Time:       0.015 ms
	Total Operation Time:   382.648 ms
[Licensing::Client] Successfully resolved entitlement details
[Licensing::Client] Successfully resolved entitlement details
Unloading 0 Unused Serialized files (Serialized files now loaded: 0)
Loaded scene 'Temp/__Backupscenes/0.backup'
	Deserialize:            1.000 ms
	Integration:            158.310 ms
	Integration of assets:  0.006 ms
	Thread Wait Time:       0.039 ms
	Total Operation Time:   159.355 ms
Unloading 17 unused Assets / (277.3 KB). Loaded Objects now: 8775.
Memory consumption went from 0.65 GB to 0.65 GB.
Total: 14.239400 ms (FindLiveObjects: 0.361500 ms CreateObjectMapping: 0.656200 ms MarkObjects: 13.157700 ms  DeleteObjects: 0.062800 ms)

[Licensing::Client] Successfully resolved entitlement details
Reloading assemblies for play mode.
Reloading assemblies after forced synchronous recompile.
Begin MonoManager ReloadAssembly
Native extension for WindowsStandalone target not found
ScheduleIndexationOnStartup MainProcess:True IndexOnStartup:True
[MODES] ModeService[none].Initialize
[MODES] ModeService[none].LoadModes
Mono: successfully reloaded assembly
- Finished resetting the current domain, in  1.235 seconds
Domain Reload Profiling: 1981ms
	BeginReloadAssembly (559ms)
		DisableScriptedObjects (74ms)
		CreateAndSetChildDomain (352ms)
	RebuildCommonClasses (7ms)
	RebuildNativeTypeToScriptingClass (11ms)
	initialDomainReloadingComplete (42ms)
	LoadAllAssembliesAndSetupDomain (126ms)
		LoadAssemblies (86ms)
		AnalyzeDomain (28ms)
			TypeCache.Refresh (7ms)
			ResolveRequiredComponents (18ms)
	FinalizeReload (1236ms)
		SetupLoadedEditorAssemblies (0ms)
			BeforeProcessingInitializeOnLoad (62ms)
			ProcessInitializeOnLoadAttributes (278ms)
			ProcessInitializeOnLoadMethodAttributes (108ms)
			AfterProcessingInitializeOnLoad (5ms)
		AwakeInstancesAfterBackupRestoration (423ms)

Asset Pipeline Refresh (id=6d8fb2df854b8f64d83061a7db4244d2): Total: 2.136 seconds - Initiated by StopAssetImportingV2(ForceSynchronousImport | ForceDomainReload)
	(Values over 0.05ms)
	Summary:
		Imports: total=0 (actual=0, local cache=0, cache server=0)
		Asset DB Process Time: managed=0 ms, native=1335 ms
		Asset DB Callback time: managed=20 ms, native=0 ms
		Scripting: domain reloads=1, domain reload time=778 ms, compile time=1 ms, other=0 ms
		Project Asset Count: scripts=1363, non-scripts=2319
		Asset File Changes: new=0, changed=0, moved=0, deleted=0
		Scan Filter Count: 0
	InvokePackagesCallback: 1.156ms
	ApplyChangesToAssetFolders: 0.268ms
	Collect global state as custom dependencies: 2.107ms
	ProcessAssetsWithTransientArtifactChanges: 0.172ms
	CategorizeAssets: 33.987ms
	CompileScripts: 1.465ms
	ImportOutOfDateAssets: 1266.275ms (1245.736ms without children)
		CollectScriptTypesHashes: 0.555ms
		ReloadNativeAssets: 0.768ms
		UnloadImportedAssets: 0.167ms
		EnsureUptoDateAssetsAreRegisteredWithGuidPM: 0.411ms
		ImportSchedulerStart: 19.176ms
	PostProcessAllAssets: 20.146ms
		MonoPostProcessAllAssets: 20.142ms
			UniversalRenderPipelineGlobalSettingsPostprocessor.OnPostprocessAllAssets 6.873ms
			AssetChangedListener.OnPostprocessAllAssets 5.299ms
			AssetPostprocessor.OnPostprocessAllAssets 4.319ms
			SyncVS.PostprocessSyncProject 2.106ms
			ShaderGraphAssetPostProcessor.OnPostprocessAllAssets 1.394ms
			WindowAssetPostprocessingWatcher.OnPostprocessAllAssets 1.329ms
			RetainedModeAssetPostprocessor.OnPostprocessAllAssets 1.267ms
			SpeedTree9Postprocessor.OnPostprocessAllAssets 1.245ms
			BuilderAssetPostprocessor.OnPostprocessAllAssets 0.915ms
			TMPro_TexturePostProcessor.OnPostprocessAllAssets 0.707ms
			ArtifactBrowserPostProcessor.OnPostprocessAllAssets 0.654ms
			UVCSAssetPostprocessor.OnPostprocessAllAssets 0.615ms
			MaterialPostprocessor.OnPostprocessAllAssets 0.595ms
			ProjectSettingsPostprocessor.OnPostprocessAllAssets 0.545ms
			RenderPipelineGlobalSettingsPostprocessor.OnPostprocessAllAssets 0.516ms
			AudioMixerPostprocessor.OnPostprocessAllAssets 0.459ms
			TextAssetPostProcessor.OnPostprocessAllAssets 0.381ms
			SampleDependencyImporterPostProcessor.OnPostprocessAllAssets 0.354ms
			InputActionJsonNameModifierAssetProcessor.OnPostprocessAllAssets 0.335ms
			PostProcessor.OnPostprocessAllAssets 0.268ms
			ShaderReflectionAssetPostProcessor.OnPostprocessAllAssets 0.255ms
			StyleCatalogPostProcessor.OnPostprocessAllAssets 0.251ms
			AssetEvents.OnPostprocessAllAssets 0.240ms
			InputActionAssetPostprocessor.OnPostprocessAllAssets 0.223ms
			ConfigAssetsTracker.OnPostprocessAllAssets 0.222ms
			EditModeScopePostprocessor.OnPostprocessAllAssets 0.207ms
			SpeedTreePostProcessor.OnPostprocessAllAssets 0.207ms
			ReferencedClipsPostProcessor.OnPostprocessAllAssets 0.187ms
			AssetReloadNotifier.OnPostprocessAllAssets 0.179ms
			ScenarioDriftAssetsTracker.OnPostprocessAllAssets 0.163ms
			SamplePostprocessor.OnPostprocessAllAssets 0.156ms
			AssetDatabaseCallbacks.OnPostprocessAllAssets 0.109ms
			TerrainToolbarOverlayPostProcessor.OnPostprocessAllAssets 0.101ms
			AudioContainerPostProcessor.OnPostprocessAllAssets 0.093ms
	GatherAllCurrentPrimaryImportResultRevisions: 0.130ms
	PersistCurrentRevisions: 0.100ms
	GenerateScriptTypeHashes: 1.593ms
	GenerateScriptTypeSerializationHashes: 2.668ms
	Untracked: 801.728ms

Loaded scene 'Temp/__Backupscenes/0.backup'
	Deserialize:            1.118 ms
	Integration:            364.982 ms
	Integration of assets:  0.001 ms
	Thread Wait Time:       0.008 ms
	Total Operation Time:   366.109 ms
[Licensing::Client] Successfully resolved entitlement details
[Licensing::Client] Successfully resolved entitlement details
Unloading 1 Unused Serialized files (Serialized files now loaded: 0)
Loaded scene 'Temp/__Backupscenes/0.backup'
	Deserialize:            0.976 ms
	Integration:            161.032 ms
	Integration of assets:  0.001 ms
	Thread Wait Time:       0.010 ms
	Total Operation Time:   162.019 ms
Unloading 14 unused Assets / (288.8 KB). Loaded Objects now: 8779.
Memory consumption went from 0.66 GB to 0.65 GB.
Total: 14.309900 ms (FindLiveObjects: 0.351100 ms CreateObjectMapping: 0.753400 ms MarkObjects: 13.122600 ms  DeleteObjects: 0.081600 ms)

Reloading assemblies for play mode.
Reloading assemblies after forced synchronous recompile.
Begin MonoManager ReloadAssembly
Native extension for WindowsStandalone target not found
ScheduleIndexationOnStartup MainProcess:True IndexOnStartup:True
[MODES] ModeService[none].Initialize
[MODES] ModeService[none].LoadModes
Mono: successfully reloaded assembly
- Finished resetting the current domain, in  1.229 seconds
Domain Reload Profiling: 1958ms
	BeginReloadAssembly (548ms)
		DisableScriptedObjects (60ms)
		CreateAndSetChildDomain (356ms)
	RebuildCommonClasses (6ms)
	RebuildNativeTypeToScriptingClass (11ms)
	initialDomainReloadingComplete (40ms)
	LoadAllAssembliesAndSetupDomain (124ms)
		LoadAssemblies (84ms)
		AnalyzeDomain (27ms)
			TypeCache.Refresh (6ms)
			ResolveRequiredComponents (17ms)
	FinalizeReload (1229ms)
		SetupLoadedEditorAssemblies (0ms)
			BeforeProcessingInitializeOnLoad (61ms)
			ProcessInitializeOnLoadAttributes (276ms)
			ProcessInitializeOnLoadMethodAttributes (108ms)
			AfterProcessingInitializeOnLoad (5ms)
		AwakeInstancesAfterBackupRestoration (415ms)

Asset Pipeline Refresh (id=b84c5a5bf571b0245a381e2d6a4f0b72): Total: 2.116 seconds - Initiated by StopAssetImportingV2(ForceSynchronousImport | ForceDomainReload)
	(Values over 0.05ms)
	Summary:
		Imports: total=0 (actual=0, local cache=0, cache server=0)
		Asset DB Process Time: managed=0 ms, native=1327 ms
		Asset DB Callback time: managed=25 ms, native=0 ms
		Scripting: domain reloads=1, domain reload time=761 ms, compile time=1 ms, other=0 ms
		Project Asset Count: scripts=1363, non-scripts=2319
		Asset File Changes: new=0, changed=0, moved=0, deleted=0
		Scan Filter Count: 0
	InvokePackagesCallback: 1.105ms
	ApplyChangesToAssetFolders: 0.263ms
	Collect global state as custom dependencies: 2.124ms
	ProcessAssetsWithTransientArtifactChanges: 0.165ms
	CategorizeAssets: 34.379ms
	CompileScripts: 1.489ms
	ImportOutOfDateAssets: 1259.225ms (1239.222ms without children)
		CollectScriptTypesHashes: 0.554ms
		ReloadNativeAssets: 0.782ms
		UnloadImportedAssets: 0.156ms
		EnsureUptoDateAssetsAreRegisteredWithGuidPM: 0.385ms
		ImportSchedulerStart: 18.663ms
	PostProcessAllAssets: 25.262ms
		MonoPostProcessAllAssets: 25.258ms
			UniversalRenderPipelineGlobalSettingsPostprocessor.OnPostprocessAllAssets 11.026ms
			AssetChangedListener.OnPostprocessAllAssets 5.299ms
			AssetPostprocessor.OnPostprocessAllAssets 4.319ms
			SyncVS.PostprocessSyncProject 2.197ms
			SpeedTree9Postprocessor.OnPostprocessAllAssets 1.454ms
			ShaderGraphAssetPostProcessor.OnPostprocessAllAssets 1.394ms
			WindowAssetPostprocessingWatcher.OnPostprocessAllAssets 1.341ms
			RetainedModeAssetPostprocessor.OnPostprocessAllAssets 1.267ms
			BuilderAssetPostprocessor.OnPostprocessAllAssets 0.915ms
			TMPro_TexturePostProcessor.OnPostprocessAllAssets 0.707ms
			ArtifactBrowserPostProcessor.OnPostprocessAllAssets 0.654ms
			UVCSAssetPostprocessor.OnPostprocessAllAssets 0.615ms
			RenderPipelineGlobalSettingsPostprocessor.OnPostprocessAllAssets 0.602ms
			MaterialPostprocessor.OnPostprocessAllAssets 0.595ms
			ProjectSettingsPostprocessor.OnPostprocessAllAssets 0.567ms
			AudioMixerPostprocessor.OnPostprocessAllAssets 0.459ms
			InputActionAssetPostprocessor.OnPostprocessAllAssets 0.391ms
			TextAssetPostProcessor.OnPostprocessAllAssets 0.381ms
			SampleDependencyImporterPostProcessor.OnPostprocessAllAssets 0.354ms
			InputActionJsonNameModifierAssetProcessor.OnPostprocessAllAssets 0.335ms
			ShaderReflectionAssetPostProcessor.OnPostprocessAllAssets 0.282ms
			PostProcessor.OnPostprocessAllAssets 0.268ms
			StyleCatalogPostProcessor.OnPostprocessAllAssets 0.251ms
			AssetEvents.OnPostprocessAllAssets 0.240ms
			ConfigAssetsTracker.OnPostprocessAllAssets 0.222ms
			ReferencedClipsPostProcessor.OnPostprocessAllAssets 0.208ms
			SpeedTreePostProcessor.OnPostprocessAllAssets 0.207ms
			EditModeScopePostprocessor.OnPostprocessAllAssets 0.207ms
			AssetReloadNotifier.OnPostprocessAllAssets 0.179ms
			ScenarioDriftAssetsTracker.OnPostprocessAllAssets 0.163ms
			SamplePostprocessor.OnPostprocessAllAssets 0.156ms
			TerrainToolbarOverlayPostProcessor.OnPostprocessAllAssets 0.106ms
			AssetDatabaseCallbacks.OnPostprocessAllAssets 0.102ms
			AudioContainerPostProcessor.OnPostprocessAllAssets 0.093ms
	GatherAllCurrentPrimaryImportResultRevisions: 0.150ms
	PersistCurrentRevisions: 0.092ms
	GenerateScriptTypeHashes: 1.654ms
	GenerateScriptTypeSerializationHashes: 2.770ms
	Untracked: 784.098ms

Loaded scene 'Temp/__Backupscenes/0.backup'
	Deserialize:            1.139 ms
	Integration:            378.458 ms
	Integration of assets:  0.002 ms
	Thread Wait Time:       0.057 ms
	Total Operation Time:   379.656 ms
[Licensing::Client] Successfully resolved entitlement details
[Licensing::Client] Successfully resolved entitlement details
Unloading 0 Unused Serialized files (Serialized files now loaded: 0)
Loaded scene 'Temp/__Backupscenes/0.backup'
	Deserialize:            0.969 ms
	Integration:            162.656 ms
	Integration of assets:  0.001 ms
	Thread Wait Time:       0.009 ms
	Total Operation Time:   163.635 ms
Unloading 14 unused Assets / (245.3 KB). Loaded Objects now: 8781.
Memory consumption went from 0.66 GB to 0.66 GB.
Total: 14.985200 ms (FindLiveObjects: 0.368200 ms CreateObjectMapping: 0.675800 ms MarkObjects: 13.867800 ms  DeleteObjects: 0.072600 ms)

[Licensing::Client] Successfully resolved entitlement details
Reloading assemblies for play mode.
Reloading assemblies after forced synchronous recompile.
Begin MonoManager ReloadAssembly
Native extension for WindowsStandalone target not found
ScheduleIndexationOnStartup MainProcess:True IndexOnStartup:True
[MODES] ModeService[none].Initialize
[MODES] ModeService[none].LoadModes
Mono: successfully reloaded assembly
- Finished resetting the current domain, in  1.256 seconds
Domain Reload Profiling: 2016ms
	BeginReloadAssembly (571ms)
		DisableScriptedObjects (64ms)
		CreateAndSetChildDomain (374ms)
	RebuildCommonClasses (7ms)
	RebuildNativeTypeToScriptingClass (11ms)
	initialDomainReloadingComplete (40ms)
	LoadAllAssembliesAndSetupDomain (130ms)
		LoadAssemblies (87ms)
		AnalyzeDomain (30ms)
			TypeCache.Refresh (8ms)
			ResolveRequiredComponents (18ms)
	FinalizeReload (1257ms)
		SetupLoadedEditorAssemblies (0ms)
			BeforeProcessingInitializeOnLoad (63ms)
			ProcessInitializeOnLoadAttributes (279ms)
			ProcessInitializeOnLoadMethodAttributes (109ms)
			AfterProcessingInitializeOnLoad (5ms)
		AwakeInstancesAfterBackupRestoration (433ms)

Asset Pipeline Refresh (id=45d1794c398ba49429921d87c6e75e4d): Total: 2.176 seconds - Initiated by StopAssetImportingV2(ForceSynchronousImport | ForceDomainReload)
	(Values over 0.05ms)
	Summary:
		Imports: total=0 (actual=0, local cache=0, cache server=0)
		Asset DB Process Time: managed=0 ms, native=1361 ms
		Asset DB Callback time: managed=20 ms, native=0 ms
		Scripting: domain reloads=1, domain reload time=792 ms, compile time=2 ms, other=0 ms
		Project Asset Count: scripts=1363, non-scripts=2319
		Asset File Changes: new=0, changed=0, moved=0, deleted=0
		Scan Filter Count: 0
	InvokePackagesCallback: 1.184ms
	ApplyChangesToAssetFolders: 0.262ms
	Collect global state as custom dependencies: 2.290ms
	ProcessAssetsWithTransientArtifactChanges: 0.225ms
	CategorizeAssets: 36.870ms
	CompileScripts: 1.574ms
	ImportOutOfDateAssets: 1289.031ms (1268.405ms without children)
		CollectScriptTypesHashes: 0.546ms
		ReloadNativeAssets: 0.822ms
		UnloadImportedAssets: 0.168ms
		EnsureUptoDateAssetsAreRegisteredWithGuidPM: 0.396ms
		ImportSchedulerStart: 19.220ms
	PostProcessAllAssets: 20.916ms
		MonoPostProcessAllAssets: 20.911ms
			UniversalRenderPipelineGlobalSettingsPostprocessor.OnPostprocessAllAssets 7.119ms
			AssetChangedListener.OnPostprocessAllAssets 5.299ms
			AssetPostprocessor.OnPostprocessAllAssets 4.319ms
			SyncVS.PostprocessSyncProject 2.174ms
			WindowAssetPostprocessingWatcher.OnPostprocessAllAssets 1.397ms
			ShaderGraphAssetPostProcessor.OnPostprocessAllAssets 1.394ms
			SpeedTree9Postprocessor.OnPostprocessAllAssets 1.382ms
			RetainedModeAssetPostprocessor.OnPostprocessAllAssets 1.267ms
			BuilderAssetPostprocessor.OnPostprocessAllAssets 0.915ms
			TMPro_TexturePostProcessor.OnPostprocessAllAssets 0.707ms
			ArtifactBrowserPostProcessor.OnPostprocessAllAssets 0.654ms
			UVCSAssetPostprocessor.OnPostprocessAllAssets 0.615ms
			MaterialPostprocessor.OnPostprocessAllAssets 0.595ms
			RenderPipelineGlobalSettingsPostprocessor.OnPostprocessAllAssets 0.538ms
			ProjectSettingsPostprocessor.OnPostprocessAllAssets 0.522ms
			AudioMixerPostprocessor.OnPostprocessAllAssets 0.459ms
			TextAssetPostProcessor.OnPostprocessAllAssets 0.381ms
			SampleDependencyImporterPostProcessor.OnPostprocessAllAssets 0.354ms
			InputActionJsonNameModifierAssetProcessor.OnPostprocessAllAssets 0.335ms
			PostProcessor.OnPostprocessAllAssets 0.268ms
			ShaderReflectionAssetPostProcessor.OnPostprocessAllAssets 0.253ms
			StyleCatalogPostProcessor.OnPostprocessAllAssets 0.251ms
			InputActionAssetPostprocessor.OnPostprocessAllAssets 0.245ms
			AssetEvents.OnPostprocessAllAssets 0.240ms
			ConfigAssetsTracker.OnPostprocessAllAssets 0.222ms
			SpeedTreePostProcessor.OnPostprocessAllAssets 0.207ms
			EditModeScopePostprocessor.OnPostprocessAllAssets 0.202ms
			ReferencedClipsPostProcessor.OnPostprocessAllAssets 0.189ms
			AssetReloadNotifier.OnPostprocessAllAssets 0.179ms
			ScenarioDriftAssetsTracker.OnPostprocessAllAssets 0.163ms
			SamplePostprocessor.OnPostprocessAllAssets 0.156ms
			TerrainToolbarOverlayPostProcessor.OnPostprocessAllAssets 0.108ms
			AssetDatabaseCallbacks.OnPostprocessAllAssets 0.106ms
			AudioContainerPostProcessor.OnPostprocessAllAssets 0.093ms
	GatherAllCurrentPrimaryImportResultRevisions: 0.125ms
	PersistCurrentRevisions: 0.095ms
	GenerateScriptTypeHashes: 1.712ms
	GenerateScriptTypeSerializationHashes: 2.841ms
	Untracked: 815.466ms

Loaded scene 'Temp/__Backupscenes/0.backup'
	Deserialize:            1.127 ms
	Integration:            368.174 ms
	Integration of assets:  0.002 ms
	Thread Wait Time:       0.009 ms
	Total Operation Time:   369.312 ms
[Licensing::Client] Successfully resolved entitlement details
[Licensing::Client] Successfully resolved entitlement details
Unloading 0 Unused Serialized files (Serialized files now loaded: 0)
Loaded scene 'Temp/__Backupscenes/0.backup'
	Deserialize:            0.957 ms
	Integration:            153.634 ms
	Integration of assets:  0.001 ms
	Thread Wait Time:       0.008 ms
	Total Operation Time:   154.601 ms
Unloading 14 unused Assets / (5.3 MB). Loaded Objects now: 8783.
Memory consumption went from 0.65 GB to 0.65 GB.
Total: 14.374300 ms (FindLiveObjects: 0.358900 ms CreateObjectMapping: 0.639500 ms MarkObjects: 13.310100 ms  DeleteObjects: 0.064600 ms)

Reloading assemblies for play mode.
Reloading assemblies after forced synchronous recompile.
Begin MonoManager ReloadAssembly
Native extension for WindowsStandalone target not found
ScheduleIndexationOnStartup MainProcess:True IndexOnStartup:True
[MODES] ModeService[none].Initialize
[MODES] ModeService[none].LoadModes
Mono: successfully reloaded assembly
- Finished resetting the current domain, in  1.259 seconds
Domain Reload Profiling: 2035ms
	BeginReloadAssembly (593ms)
		DisableScriptedObjects (76ms)
		CreateAndSetChildDomain (384ms)
	RebuildCommonClasses (6ms)
	RebuildNativeTypeToScriptingClass (11ms)
	initialDomainReloadingComplete (39ms)
	LoadAllAssembliesAndSetupDomain (127ms)
		LoadAssemblies (83ms)
		AnalyzeDomain (28ms)
			TypeCache.Refresh (7ms)
			ResolveRequiredComponents (18ms)
	FinalizeReload (1259ms)
		SetupLoadedEditorAssemblies (0ms)
			BeforeProcessingInitializeOnLoad (62ms)
			ProcessInitializeOnLoadAttributes (283ms)
			ProcessInitializeOnLoadMethodAttributes (110ms)
			AfterProcessingInitializeOnLoad (5ms)
		AwakeInstancesAfterBackupRestoration (426ms)

Asset Pipeline Refresh (id=793cc64a91e4d1748a9179224e309b12): Total: 2.193 seconds - Initiated by StopAssetImportingV2(ForceSynchronousImport | ForceDomainReload)
	(Values over 0.05ms)
	Summary:
		Imports: total=0 (actual=0, local cache=0, cache server=0)
		Asset DB Process Time: managed=0 ms, native=1362 ms
		Asset DB Callback time: managed=20 ms, native=0 ms
		Scripting: domain reloads=1, domain reload time=808 ms, compile time=1 ms, other=0 ms
		Project Asset Count: scripts=1363, non-scripts=2319
		Asset File Changes: new=0, changed=0, moved=0, deleted=0
		Scan Filter Count: 0
	InvokePackagesCallback: 1.128ms
	ApplyChangesToAssetFolders: 0.274ms
	Collect global state as custom dependencies: 2.050ms
	ProcessAssetsWithTransientArtifactChanges: 0.153ms
	CategorizeAssets: 35.044ms
	CompileScripts: 1.466ms
	ImportOutOfDateAssets: 1290.149ms (1270.089ms without children)
		CollectScriptTypesHashes: 0.568ms
		ReloadNativeAssets: 0.783ms
		UnloadImportedAssets: 0.162ms
		EnsureUptoDateAssetsAreRegisteredWithGuidPM: 0.404ms
		ImportSchedulerStart: 18.691ms
	PostProcessAllAssets: 20.112ms
		MonoPostProcessAllAssets: 20.108ms
			UniversalRenderPipelineGlobalSettingsPostprocessor.OnPostprocessAllAssets 6.763ms
			AssetChangedListener.OnPostprocessAllAssets 5.299ms
			AssetPostprocessor.OnPostprocessAllAssets 4.319ms
			SyncVS.PostprocessSyncProject 2.072ms
			ShaderGraphAssetPostProcessor.OnPostprocessAllAssets 1.394ms
			WindowAssetPostprocessingWatcher.OnPostprocessAllAssets 1.342ms
			SpeedTree9Postprocessor.OnPostprocessAllAssets 1.327ms
			RetainedModeAssetPostprocessor.OnPostprocessAllAssets 1.267ms
			BuilderAssetPostprocessor.OnPostprocessAllAssets 0.915ms
			TMPro_TexturePostProcessor.OnPostprocessAllAssets 0.707ms
			ArtifactBrowserPostProcessor.OnPostprocessAllAssets 0.654ms
			UVCSAssetPostprocessor.OnPostprocessAllAssets 0.615ms
			MaterialPostprocessor.OnPostprocessAllAssets 0.595ms
			RenderPipelineGlobalSettingsPostprocessor.OnPostprocessAllAssets 0.543ms
			ProjectSettingsPostprocessor.OnPostprocessAllAssets 0.503ms
			AudioMixerPostprocessor.OnPostprocessAllAssets 0.459ms
			TextAssetPostProcessor.OnPostprocessAllAssets 0.381ms
			SampleDependencyImporterPostProcessor.OnPostprocessAllAssets 0.354ms
			InputActionJsonNameModifierAssetProcessor.OnPostprocessAllAssets 0.335ms
			PostProcessor.OnPostprocessAllAssets 0.268ms
			StyleCatalogPostProcessor.OnPostprocessAllAssets 0.251ms
			ShaderReflectionAssetPostProcessor.OnPostprocessAllAssets 0.251ms
			AssetEvents.OnPostprocessAllAssets 0.240ms
			EditModeScopePostprocessor.OnPostprocessAllAssets 0.233ms
			ConfigAssetsTracker.OnPostprocessAllAssets 0.222ms
			SpeedTreePostProcessor.OnPostprocessAllAssets 0.207ms
			ReferencedClipsPostProcessor.OnPostprocessAllAssets 0.190ms
			InputActionAssetPostprocessor.OnPostprocessAllAssets 0.185ms
			AssetReloadNotifier.OnPostprocessAllAssets 0.179ms
			ScenarioDriftAssetsTracker.OnPostprocessAllAssets 0.163ms
			SamplePostprocessor.OnPostprocessAllAssets 0.156ms
			TerrainToolbarOverlayPostProcessor.OnPostprocessAllAssets 0.106ms
			AssetDatabaseCallbacks.OnPostprocessAllAssets 0.102ms
			AudioContainerPostProcessor.OnPostprocessAllAssets 0.093ms
	GatherAllCurrentPrimaryImportResultRevisions: 0.147ms
	UnloadStreamsBegin: 1.522ms
	PersistCurrentRevisions: 0.098ms
	GenerateScriptTypeHashes: 1.650ms
	GenerateScriptTypeSerializationHashes: 2.721ms
	Untracked: 832.194ms

Loaded scene 'Temp/__Backupscenes/0.backup'
	Deserialize:            1.175 ms
	Integration:            385.756 ms
	Integration of assets:  0.002 ms
	Thread Wait Time:       0.010 ms
	Total Operation Time:   386.943 ms
[Licensing::Client] Successfully resolved entitlement details
[Licensing::Client] Successfully resolved entitlement details
Unloading 0 Unused Serialized files (Serialized files now loaded: 0)
Loaded scene 'Temp/__Backupscenes/0.backup'
	Deserialize:            0.984 ms
	Integration:            160.467 ms
	Integration of assets:  0.001 ms
	Thread Wait Time:       0.010 ms
	Total Operation Time:   161.462 ms
Unloading 16 unused Assets / (299.7 KB). Loaded Objects now: 8809.
Memory consumption went from 0.67 GB to 0.67 GB.
Total: 15.238200 ms (FindLiveObjects: 0.371600 ms CreateObjectMapping: 0.786300 ms MarkObjects: 14.005300 ms  DeleteObjects: 0.073800 ms)

Reloading assemblies for play mode.
Reloading assemblies after forced synchronous recompile.
[Licensing::Client] Successfully resolved entitlement details
Begin MonoManager ReloadAssembly
Native extension for WindowsStandalone target not found
ScheduleIndexationOnStartup MainProcess:True IndexOnStartup:True
[MODES] ModeService[none].Initialize
[MODES] ModeService[none].LoadModes
Mono: successfully reloaded assembly
- Finished resetting the current domain, in  1.246 seconds
Domain Reload Profiling: 1990ms
	BeginReloadAssembly (560ms)
		DisableScriptedObjects (64ms)
		CreateAndSetChildDomain (361ms)
	RebuildCommonClasses (7ms)
	RebuildNativeTypeToScriptingClass (11ms)
	initialDomainReloadingComplete (39ms)
	LoadAllAssembliesAndSetupDomain (126ms)
		LoadAssemblies (87ms)
		AnalyzeDomain (26ms)
			TypeCache.Refresh (6ms)
			ResolveRequiredComponents (18ms)
	FinalizeReload (1247ms)
		SetupLoadedEditorAssemblies (0ms)
			BeforeProcessingInitializeOnLoad (62ms)
			ProcessInitializeOnLoadAttributes (282ms)
			ProcessInitializeOnLoadMethodAttributes (111ms)
			AfterProcessingInitializeOnLoad (5ms)
		AwakeInstancesAfterBackupRestoration (418ms)

Asset Pipeline Refresh (id=e69416405e9595645b85452ac0f7425c): Total: 2.153 seconds - Initiated by StopAssetImportingV2(ForceSynchronousImport | ForceDomainReload)
	(Values over 0.05ms)
	Summary:
		Imports: total=0 (actual=0, local cache=0, cache server=0)
		Asset DB Process Time: managed=0 ms, native=1349 ms
		Asset DB Callback time: managed=20 ms, native=0 ms
		Scripting: domain reloads=1, domain reload time=781 ms, compile time=1 ms, other=0 ms
		Project Asset Count: scripts=1363, non-scripts=2319
		Asset File Changes: new=0, changed=0, moved=0, deleted=0
		Scan Filter Count: 0
	InvokePackagesCallback: 1.127ms
	ApplyChangesToAssetFolders: 0.274ms
	Collect global state as custom dependencies: 2.077ms
	ProcessAssetsWithTransientArtifactChanges: 0.153ms
	CategorizeAssets: 34.933ms
	CompileScripts: 1.453ms
	ImportOutOfDateAssets: 1277.125ms (1256.715ms without children)
		CollectScriptTypesHashes: 0.580ms
		ReloadNativeAssets: 0.811ms
		UnloadImportedAssets: 0.162ms
		EnsureUptoDateAssetsAreRegisteredWithGuidPM: 0.392ms
		ImportSchedulerStart: 19.027ms
	PostProcessAllAssets: 20.811ms
		MonoPostProcessAllAssets: 20.807ms
			UniversalRenderPipelineGlobalSettingsPostprocessor.OnPostprocessAllAssets 6.919ms
			AssetChangedListener.OnPostprocessAllAssets 5.299ms
			AssetPostprocessor.OnPostprocessAllAssets 4.319ms
			SyncVS.PostprocessSyncProject 2.145ms
			ShaderGraphAssetPostProcessor.OnPostprocessAllAssets 1.394ms
			WindowAssetPostprocessingWatcher.OnPostprocessAllAssets 1.376ms
			SpeedTree9Postprocessor.OnPostprocessAllAssets 1.345ms
			RetainedModeAssetPostprocessor.OnPostprocessAllAssets 1.267ms
			BuilderAssetPostprocessor.OnPostprocessAllAssets 0.915ms
			TMPro_TexturePostProcessor.OnPostprocessAllAssets 0.707ms
			ProjectSettingsPostprocessor.OnPostprocessAllAssets 0.660ms
			ArtifactBrowserPostProcessor.OnPostprocessAllAssets 0.654ms
			UVCSAssetPostprocessor.OnPostprocessAllAssets 0.615ms
			MaterialPostprocessor.OnPostprocessAllAssets 0.595ms
			RenderPipelineGlobalSettingsPostprocessor.OnPostprocessAllAssets 0.542ms
			AudioMixerPostprocessor.OnPostprocessAllAssets 0.459ms
			TextAssetPostProcessor.OnPostprocessAllAssets 0.381ms
			SampleDependencyImporterPostProcessor.OnPostprocessAllAssets 0.354ms
			ShaderReflectionAssetPostProcessor.OnPostprocessAllAssets 0.349ms
			InputActionJsonNameModifierAssetProcessor.OnPostprocessAllAssets 0.335ms
			PostProcessor.OnPostprocessAllAssets 0.268ms
			StyleCatalogPostProcessor.OnPostprocessAllAssets 0.251ms
			AssetEvents.OnPostprocessAllAssets 0.240ms
			ConfigAssetsTracker.OnPostprocessAllAssets 0.222ms
			EditModeScopePostprocessor.OnPostprocessAllAssets 0.210ms
			SpeedTreePostProcessor.OnPostprocessAllAssets 0.207ms
			ReferencedClipsPostProcessor.OnPostprocessAllAssets 0.196ms
			InputActionAssetPostprocessor.OnPostprocessAllAssets 0.195ms
			AssetReloadNotifier.OnPostprocessAllAssets 0.179ms
			ScenarioDriftAssetsTracker.OnPostprocessAllAssets 0.163ms
			SamplePostprocessor.OnPostprocessAllAssets 0.156ms
			TerrainToolbarOverlayPostProcessor.OnPostprocessAllAssets 0.118ms
			AssetDatabaseCallbacks.OnPostprocessAllAssets 0.109ms
			AudioContainerPostProcessor.OnPostprocessAllAssets 0.093ms
	GatherAllCurrentPrimaryImportResultRevisions: 0.139ms
	UnloadStreamsBegin: 1.542ms
	PersistCurrentRevisions: 0.094ms
	GenerateScriptTypeHashes: 1.675ms
	GenerateScriptTypeSerializationHashes: 2.803ms
	Untracked: 804.560ms

Loaded scene 'Temp/__Backupscenes/0.backup'
	Deserialize:            1.166 ms
	Integration:            370.464 ms
	Integration of assets:  0.002 ms
	Thread Wait Time:       0.054 ms
	Total Operation Time:   371.686 ms
[Licensing::Client] Successfully resolved entitlement details
[Licensing::Client] Successfully resolved entitlement details
Unloading 0 Unused Serialized files (Serialized files now loaded: 0)
Loaded scene 'Temp/__Backupscenes/0.backup'
	Deserialize:            1.003 ms
	Integration:            154.294 ms
	Integration of assets:  0.001 ms
	Thread Wait Time:       0.009 ms
	Total Operation Time:   155.307 ms
Unloading 15 unused Assets / (5.5 MB). Loaded Objects now: 8814.
Memory consumption went from 0.67 GB to 0.66 GB.
Total: 15.125900 ms (FindLiveObjects: 0.376700 ms CreateObjectMapping: 1.092900 ms MarkObjects: 13.580000 ms  DeleteObjects: 0.062700 ms)

[Licensing::Client] Successfully resolved entitlement details
[Worker0] Imported GUID: 7790f8b08affa7e4d9bd70452c6830ba - Path: Assets/scripts/MouseOrbit.cs - Importer: PreviewImporter -> (ImportResultId: '143d0ec81d60f1f29cf36924f139c03f') in 0.0132528 seconds
[Licensing::Client] Successfully resolved entitlement details
Reloading assemblies for play mode.
Reloading assemblies after forced synchronous recompile.
[Licensing::Client] Successfully resolved entitlement details
Begin MonoManager ReloadAssembly
Native extension for WindowsStandalone target not found
ScheduleIndexationOnStartup MainProcess:True IndexOnStartup:True
[MODES] ModeService[none].Initialize
[MODES] ModeService[none].LoadModes
Mono: successfully reloaded assembly
- Finished resetting the current domain, in  1.246 seconds
Domain Reload Profiling: 2010ms
	BeginReloadAssembly (579ms)
		DisableScriptedObjects (62ms)
		CreateAndSetChildDomain (402ms)
	RebuildCommonClasses (7ms)
	RebuildNativeTypeToScriptingClass (11ms)
	initialDomainReloadingComplete (40ms)
	LoadAllAssembliesAndSetupDomain (126ms)
		LoadAssemblies (87ms)
		AnalyzeDomain (27ms)
			TypeCache.Refresh (6ms)
			ResolveRequiredComponents (18ms)
	FinalizeReload (1246ms)
		SetupLoadedEditorAssemblies (0ms)
			BeforeProcessingInitializeOnLoad (64ms)
			ProcessInitializeOnLoadAttributes (279ms)
			ProcessInitializeOnLoadMethodAttributes (107ms)
			AfterProcessingInitializeOnLoad (5ms)
		AwakeInstancesAfterBackupRestoration (421ms)

Asset Pipeline Refresh (id=8d0ed4163bfa66944adc610f5248d862): Total: 2.176 seconds - Initiated by StopAssetImportingV2(ForceSynchronousImport | ForceDomainReload)
	(Values over 0.05ms)
	Summary:
		Imports: total=0 (actual=0, local cache=0, cache server=0)
		Asset DB Process Time: managed=0 ms, native=1349 ms
		Asset DB Callback time: managed=20 ms, native=0 ms
		Scripting: domain reloads=1, domain reload time=804 ms, compile time=2 ms, other=0 ms
		Project Asset Count: scripts=1363, non-scripts=2319
		Asset File Changes: new=0, changed=0, moved=0, deleted=0
		Scan Filter Count: 0
	InvokePackagesCallback: 1.187ms
	ApplyChangesToAssetFolders: 0.279ms
	Collect global state as custom dependencies: 2.127ms
	ProcessAssetsWithTransientArtifactChanges: 0.156ms
	CategorizeAssets: 34.279ms
	CompileScripts: 1.516ms
	ImportOutOfDateAssets: 1276.876ms (1256.742ms without children)
		CollectScriptTypesHashes: 0.589ms
		ReloadNativeAssets: 0.801ms
		UnloadImportedAssets: 0.169ms
		EnsureUptoDateAssetsAreRegisteredWithGuidPM: 0.394ms
		ImportSchedulerStart: 18.751ms
	PostProcessAllAssets: 20.588ms
		MonoPostProcessAllAssets: 20.585ms
			UniversalRenderPipelineGlobalSettingsPostprocessor.OnPostprocessAllAssets 7.072ms
			AssetChangedListener.OnPostprocessAllAssets 5.299ms
			AssetPostprocessor.OnPostprocessAllAssets 4.319ms
			SyncVS.PostprocessSyncProject 2.123ms
			ShaderGraphAssetPostProcessor.OnPostprocessAllAssets 1.394ms
			SpeedTree9Postprocessor.OnPostprocessAllAssets 1.350ms
			WindowAssetPostprocessingWatcher.OnPostprocessAllAssets 1.336ms
			RetainedModeAssetPostprocessor.OnPostprocessAllAssets 1.267ms
			BuilderAssetPostprocessor.OnPostprocessAllAssets 0.915ms
			TMPro_TexturePostProcessor.OnPostprocessAllAssets 0.707ms
			ArtifactBrowserPostProcessor.OnPostprocessAllAssets 0.654ms
			UVCSAssetPostprocessor.OnPostprocessAllAssets 0.615ms
			MaterialPostprocessor.OnPostprocessAllAssets 0.595ms
			RenderPipelineGlobalSettingsPostprocessor.OnPostprocessAllAssets 0.559ms
			ProjectSettingsPostprocessor.OnPostprocessAllAssets 0.507ms
			AudioMixerPostprocessor.OnPostprocessAllAssets 0.459ms
			TextAssetPostProcessor.OnPostprocessAllAssets 0.381ms
			SampleDependencyImporterPostProcessor.OnPostprocessAllAssets 0.354ms
			InputActionJsonNameModifierAssetProcessor.OnPostprocessAllAssets 0.335ms
			PostProcessor.OnPostprocessAllAssets 0.268ms
			StyleCatalogPostProcessor.OnPostprocessAllAssets 0.251ms
			ShaderReflectionAssetPostProcessor.OnPostprocessAllAssets 0.245ms
			AssetEvents.OnPostprocessAllAssets 0.240ms
			ConfigAssetsTracker.OnPostprocessAllAssets 0.222ms
			SpeedTreePostProcessor.OnPostprocessAllAssets 0.207ms
			EditModeScopePostprocessor.OnPostprocessAllAssets 0.205ms
			InputActionAssetPostprocessor.OnPostprocessAllAssets 0.199ms
			ReferencedClipsPostProcessor.OnPostprocessAllAssets 0.192ms
			AssetReloadNotifier.OnPostprocessAllAssets 0.179ms
			ScenarioDriftAssetsTracker.OnPostprocessAllAssets 0.163ms
			SamplePostprocessor.OnPostprocessAllAssets 0.156ms
			AssetDatabaseCallbacks.OnPostprocessAllAssets 0.110ms
			TerrainToolbarOverlayPostProcessor.OnPostprocessAllAssets 0.106ms
			AudioContainerPostProcessor.OnPostprocessAllAssets 0.093ms
	GatherAllCurrentPrimaryImportResultRevisions: 0.213ms
	UnloadStreamsBegin: 1.621ms
	PersistCurrentRevisions: 0.095ms
	GenerateScriptTypeHashes: 1.626ms
	GenerateScriptTypeSerializationHashes: 2.707ms
	Untracked: 828.087ms

Loaded scene 'Temp/__Backupscenes/0.backup'
	Deserialize:            1.157 ms
	Integration:            377.236 ms
	Integration of assets:  0.002 ms
	Thread Wait Time:       0.008 ms
	Total Operation Time:   378.402 ms
[Licensing::Client] Successfully resolved entitlement details
[Licensing::Client] Successfully resolved entitlement details
Unloading 0 Unused Serialized files (Serialized files now loaded: 0)
Loaded scene 'Temp/__Backupscenes/0.backup'
	Deserialize:            0.975 ms
	Integration:            155.404 ms
	Integration of assets:  0.001 ms
	Thread Wait Time:       0.008 ms
	Total Operation Time:   156.388 ms
Unloading 17 unused Assets / (284.1 KB). Loaded Objects now: 8817.
Memory consumption went from 0.68 GB to 0.68 GB.
Total: 14.725000 ms (FindLiveObjects: 0.354700 ms CreateObjectMapping: 0.643300 ms MarkObjects: 13.640400 ms  DeleteObjects: 0.085300 ms)

[Licensing::Client] Successfully resolved entitlement details
Reloading assemblies for play mode.
Reloading assemblies after forced synchronous recompile.
Begin MonoManager ReloadAssembly
Native extension for WindowsStandalone target not found
ScheduleIndexationOnStartup MainProcess:True IndexOnStartup:True
[MODES] ModeService[none].Initialize
[MODES] ModeService[none].LoadModes
Mono: successfully reloaded assembly
- Finished resetting the current domain, in  1.249 seconds
Domain Reload Profiling: 1978ms
	BeginReloadAssembly (548ms)
		DisableScriptedObjects (62ms)
		CreateAndSetChildDomain (351ms)
	RebuildCommonClasses (7ms)
	RebuildNativeTypeToScriptingClass (11ms)
	initialDomainReloadingComplete (39ms)
	LoadAllAssembliesAndSetupDomain (124ms)
		LoadAssemblies (83ms)
		AnalyzeDomain (27ms)
			TypeCache.Refresh (6ms)
			ResolveRequiredComponents (18ms)
	FinalizeReload (1250ms)
		SetupLoadedEditorAssemblies (0ms)
			BeforeProcessingInitializeOnLoad (62ms)
			ProcessInitializeOnLoadAttributes (280ms)
			ProcessInitializeOnLoadMethodAttributes (107ms)
			AfterProcessingInitializeOnLoad (5ms)
		AwakeInstancesAfterBackupRestoration (426ms)

Asset Pipeline Refresh (id=91835f168b3ef954697f93823a8345b0): Total: 2.136 seconds - Initiated by StopAssetImportingV2(ForceSynchronousImport | ForceDomainReload)
	(Values over 0.05ms)
	Summary:
		Imports: total=0 (actual=0, local cache=0, cache server=0)
		Asset DB Process Time: managed=0 ms, native=1351 ms
		Asset DB Callback time: managed=21 ms, native=0 ms
		Scripting: domain reloads=1, domain reload time=761 ms, compile time=2 ms, other=0 ms
		Project Asset Count: scripts=1363, non-scripts=2319
		Asset File Changes: new=0, changed=0, moved=0, deleted=0
		Scan Filter Count: 0
	InvokePackagesCallback: 1.135ms
	ApplyChangesToAssetFolders: 0.259ms
	Collect global state as custom dependencies: 2.112ms
	ProcessAssetsWithTransientArtifactChanges: 0.156ms
	CategorizeAssets: 35.148ms
	CompileScripts: 1.516ms
	ImportOutOfDateAssets: 1280.095ms (1259.724ms without children)
		CollectScriptTypesHashes: 0.558ms
		ReloadNativeAssets: 0.778ms
		UnloadImportedAssets: 0.162ms
		EnsureUptoDateAssetsAreRegisteredWithGuidPM: 0.394ms
		ImportSchedulerStart: 19.018ms
	PostProcessAllAssets: 21.188ms
		MonoPostProcessAllAssets: 21.184ms
			UniversalRenderPipelineGlobalSettingsPostprocessor.OnPostprocessAllAssets 7.058ms
			AssetChangedListener.OnPostprocessAllAssets 5.299ms
			AssetPostprocessor.OnPostprocessAllAssets 4.319ms
			SyncVS.PostprocessSyncProject 2.115ms
			ShaderGraphAssetPostProcessor.OnPostprocessAllAssets 1.394ms
			WindowAssetPostprocessingWatcher.OnPostprocessAllAssets 1.344ms
			SpeedTree9Postprocessor.OnPostprocessAllAssets 1.269ms
			RetainedModeAssetPostprocessor.OnPostprocessAllAssets 1.267ms
			BuilderAssetPostprocessor.OnPostprocessAllAssets 0.915ms
			TMPro_TexturePostProcessor.OnPostprocessAllAssets 0.707ms
			ArtifactBrowserPostProcessor.OnPostprocessAllAssets 0.654ms
			UVCSAssetPostprocessor.OnPostprocessAllAssets 0.615ms
			MaterialPostprocessor.OnPostprocessAllAssets 0.595ms
			ProjectSettingsPostprocessor.OnPostprocessAllAssets 0.532ms
			RenderPipelineGlobalSettingsPostprocessor.OnPostprocessAllAssets 0.531ms
			AudioMixerPostprocessor.OnPostprocessAllAssets 0.459ms
			TextAssetPostProcessor.OnPostprocessAllAssets 0.381ms
			SampleDependencyImporterPostProcessor.OnPostprocessAllAssets 0.354ms
			InputActionJsonNameModifierAssetProcessor.OnPostprocessAllAssets 0.335ms
			PostProcessor.OnPostprocessAllAssets 0.268ms
			ShaderReflectionAssetPostProcessor.OnPostprocessAllAssets 0.254ms
			StyleCatalogPostProcessor.OnPostprocessAllAssets 0.251ms
			AssetEvents.OnPostprocessAllAssets 0.240ms
			EditModeScopePostprocessor.OnPostprocessAllAssets 0.237ms
			ConfigAssetsTracker.OnPostprocessAllAssets 0.222ms
			SpeedTreePostProcessor.OnPostprocessAllAssets 0.207ms
			ReferencedClipsPostProcessor.OnPostprocessAllAssets 0.197ms
			InputActionAssetPostprocessor.OnPostprocessAllAssets 0.193ms
			AssetReloadNotifier.OnPostprocessAllAssets 0.179ms
			ScenarioDriftAssetsTracker.OnPostprocessAllAssets 0.163ms
			SamplePostprocessor.OnPostprocessAllAssets 0.156ms
			TerrainToolbarOverlayPostProcessor.OnPostprocessAllAssets 0.143ms
			AssetDatabaseCallbacks.OnPostprocessAllAssets 0.121ms
			AudioContainerPostProcessor.OnPostprocessAllAssets 0.093ms
	GatherAllCurrentPrimaryImportResultRevisions: 0.126ms
	PersistCurrentRevisions: 0.102ms
	GenerateScriptTypeHashes: 1.634ms
	GenerateScriptTypeSerializationHashes: 2.705ms
	Untracked: 785.262ms

Loaded scene 'Temp/__Backupscenes/0.backup'
	Deserialize:            1.215 ms
	Integration:            369.222 ms
	Integration of assets:  0.004 ms
	Thread Wait Time:       0.008 ms
	Total Operation Time:   370.449 ms
[Licensing::Client] Successfully resolved entitlement details
[Licensing::Client] Successfully resolved entitlement details
Unloading 0 Unused Serialized files (Serialized files now loaded: 0)
Loaded scene 'Temp/__Backupscenes/0.backup'
	Deserialize:            0.937 ms
	Integration:            162.021 ms
	Integration of assets:  0.001 ms
	Thread Wait Time:       0.010 ms
	Total Operation Time:   162.969 ms
Unloading 15 unused Assets / (357.5 KB). Loaded Objects now: 8819.
Memory consumption went from 0.68 GB to 0.68 GB.
Total: 15.018800 ms (FindLiveObjects: 0.645000 ms CreateObjectMapping: 0.720500 ms MarkObjects: 13.571900 ms  DeleteObjects: 0.080300 ms)

Asset Pipeline Refresh (id=e8f957cc4dd000141a2ac38a28fcacc4): Total: 0.014 seconds - Initiated by RefreshV2(AllowForceSynchronousImport)
Reloading assemblies for play mode.
Reloading assemblies after forced synchronous recompile.
[Licensing::Client] Successfully resolved entitlement details
Begin MonoManager ReloadAssembly
Native extension for WindowsStandalone target not found
ScheduleIndexationOnStartup MainProcess:True IndexOnStartup:True
[MODES] ModeService[none].Initialize
[MODES] ModeService[none].LoadModes
Mono: successfully reloaded assembly
- Finished resetting the current domain, in  1.260 seconds
Domain Reload Profiling: 1993ms
	BeginReloadAssembly (544ms)
		DisableScriptedObjects (64ms)
		CreateAndSetChildDomain (364ms)
	RebuildCommonClasses (7ms)
	RebuildNativeTypeToScriptingClass (10ms)
	initialDomainReloadingComplete (43ms)
	LoadAllAssembliesAndSetupDomain (128ms)
		LoadAssemblies (86ms)
		AnalyzeDomain (27ms)
			TypeCache.Refresh (6ms)
			ResolveRequiredComponents (18ms)
	FinalizeReload (1261ms)
		SetupLoadedEditorAssemblies (0ms)
			BeforeProcessingInitializeOnLoad (63ms)
			ProcessInitializeOnLoadAttributes (281ms)
			ProcessInitializeOnLoadMethodAttributes (111ms)
			AfterProcessingInitializeOnLoad (5ms)
		AwakeInstancesAfterBackupRestoration (425ms)

Asset Pipeline Refresh (id=4670747ba8ce1f245b5550717df18a06): Total: 2.154 seconds - Initiated by StopAssetImportingV2(ForceSynchronousImport | ForceDomainReload)
	(Values over 0.05ms)
	Summary:
		Imports: total=0 (actual=0, local cache=0, cache server=0)
		Asset DB Process Time: managed=0 ms, native=1361 ms
		Asset DB Callback time: managed=20 ms, native=0 ms
		Scripting: domain reloads=1, domain reload time=770 ms, compile time=2 ms, other=0 ms
		Project Asset Count: scripts=1363, non-scripts=2319
		Asset File Changes: new=0, changed=0, moved=0, deleted=0
		Scan Filter Count: 0
	InvokePackagesCallback: 1.161ms
	ApplyChangesToAssetFolders: 0.377ms
	Collect global state as custom dependencies: 2.134ms
	ProcessAssetsWithTransientArtifactChanges: 0.215ms
	CategorizeAssets: 35.444ms
	CompileScripts: 1.515ms
	ImportOutOfDateAssets: 1291.406ms (1271.084ms without children)
		CollectScriptTypesHashes: 0.570ms
		ReloadNativeAssets: 0.826ms
		UnloadImportedAssets: 0.161ms
		EnsureUptoDateAssetsAreRegisteredWithGuidPM: 0.387ms
		ImportSchedulerStart: 18.931ms
	PostProcessAllAssets: 20.467ms
		MonoPostProcessAllAssets: 20.463ms
			UniversalRenderPipelineGlobalSettingsPostprocessor.OnPostprocessAllAssets 6.920ms
			AssetChangedListener.OnPostprocessAllAssets 5.299ms
			AssetPostprocessor.OnPostprocessAllAssets 4.319ms
			SyncVS.PostprocessSyncProject 2.092ms
			ShaderGraphAssetPostProcessor.OnPostprocessAllAssets 1.394ms
			WindowAssetPostprocessingWatcher.OnPostprocessAllAssets 1.361ms
			SpeedTree9Postprocessor.OnPostprocessAllAssets 1.323ms
			RetainedModeAssetPostprocessor.OnPostprocessAllAssets 1.267ms
			BuilderAssetPostprocessor.OnPostprocessAllAssets 0.915ms
			TMPro_TexturePostProcessor.OnPostprocessAllAssets 0.707ms
			ArtifactBrowserPostProcessor.OnPostprocessAllAssets 0.654ms
			UVCSAssetPostprocessor.OnPostprocessAllAssets 0.615ms
			MaterialPostprocessor.OnPostprocessAllAssets 0.595ms
			RenderPipelineGlobalSettingsPostprocessor.OnPostprocessAllAssets 0.537ms
			ProjectSettingsPostprocessor.OnPostprocessAllAssets 0.515ms
			AudioMixerPostprocessor.OnPostprocessAllAssets 0.459ms
			TextAssetPostProcessor.OnPostprocessAllAssets 0.381ms
			SampleDependencyImporterPostProcessor.OnPostprocessAllAssets 0.354ms
			InputActionJsonNameModifierAssetProcessor.OnPostprocessAllAssets 0.335ms
			PostProcessor.OnPostprocessAllAssets 0.268ms
			ShaderReflectionAssetPostProcessor.OnPostprocessAllAssets 0.256ms
			StyleCatalogPostProcessor.OnPostprocessAllAssets 0.251ms
			AssetEvents.OnPostprocessAllAssets 0.240ms
			EditModeScopePostprocessor.OnPostprocessAllAssets 0.232ms
			ConfigAssetsTracker.OnPostprocessAllAssets 0.222ms
			SpeedTreePostProcessor.OnPostprocessAllAssets 0.207ms
			InputActionAssetPostprocessor.OnPostprocessAllAssets 0.197ms
			ReferencedClipsPostProcessor.OnPostprocessAllAssets 0.186ms
			AssetReloadNotifier.OnPostprocessAllAssets 0.179ms
			ScenarioDriftAssetsTracker.OnPostprocessAllAssets 0.163ms
			SamplePostprocessor.OnPostprocessAllAssets 0.156ms
			TerrainToolbarOverlayPostProcessor.OnPostprocessAllAssets 0.113ms
			AssetDatabaseCallbacks.OnPostprocessAllAssets 0.105ms
			AudioContainerPostProcessor.OnPostprocessAllAssets 0.093ms
	GatherAllCurrentPrimaryImportResultRevisions: 0.125ms
	PersistCurrentRevisions: 0.093ms
	GenerateScriptTypeHashes: 1.659ms
	GenerateScriptTypeSerializationHashes: 2.767ms
	Untracked: 794.165ms

Loaded scene 'Temp/__Backupscenes/0.backup'
	Deserialize:            1.152 ms
	Integration:            373.486 ms
	Integration of assets:  0.003 ms
	Thread Wait Time:       0.006 ms
	Total Operation Time:   374.647 ms
[Licensing::Client] Successfully resolved entitlement details
[Licensing::Client] Successfully resolved entitlement details
Unloading 0 Unused Serialized files (Serialized files now loaded: 0)
Loaded scene 'Temp/__Backupscenes/0.backup'
	Deserialize:            0.973 ms
	Integration:            155.817 ms
	Integration of assets:  0.001 ms
	Thread Wait Time:       0.010 ms
	Total Operation Time:   156.802 ms
Unloading 15 unused Assets / (5.6 MB). Loaded Objects now: 8821.
Memory consumption went from 0.68 GB to 0.67 GB.
Total: 14.671900 ms (FindLiveObjects: 0.349800 ms CreateObjectMapping: 0.682500 ms MarkObjects: 13.455900 ms  DeleteObjects: 0.182400 ms)

[Licensing::Client] Successfully resolved entitlement details
Reloading assemblies for play mode.
Reloading assemblies after forced synchronous recompile.
Begin MonoManager ReloadAssembly
Native extension for WindowsStandalone target not found
ScheduleIndexationOnStartup MainProcess:True IndexOnStartup:True
[MODES] ModeService[none].Initialize
[MODES] ModeService[none].LoadModes
Mono: successfully reloaded assembly
- Finished resetting the current domain, in  1.261 seconds
Domain Reload Profiling: 2016ms
	BeginReloadAssembly (567ms)
		DisableScriptedObjects (66ms)
		CreateAndSetChildDomain (366ms)
	RebuildCommonClasses (7ms)
	RebuildNativeTypeToScriptingClass (12ms)
	initialDomainReloadingComplete (42ms)
	LoadAllAssembliesAndSetupDomain (127ms)
		LoadAssemblies (85ms)
		AnalyzeDomain (28ms)
			TypeCache.Refresh (6ms)
			ResolveRequiredComponents (19ms)
	FinalizeReload (1262ms)
		SetupLoadedEditorAssemblies (0ms)
			BeforeProcessingInitializeOnLoad (64ms)
			ProcessInitializeOnLoadAttributes (282ms)
			ProcessInitializeOnLoadMethodAttributes (111ms)
			AfterProcessingInitializeOnLoad (5ms)
		AwakeInstancesAfterBackupRestoration (424ms)

Asset Pipeline Refresh (id=d3dd2b8f8b03736438f223865ad92d96): Total: 2.174 seconds - Initiated by StopAssetImportingV2(ForceSynchronousImport | ForceDomainReload)
	(Values over 0.05ms)
	Summary:
		Imports: total=0 (actual=0, local cache=0, cache server=0)
		Asset DB Process Time: managed=0 ms, native=1362 ms
		Asset DB Callback time: managed=20 ms, native=0 ms
		Scripting: domain reloads=1, domain reload time=788 ms, compile time=1 ms, other=0 ms
		Project Asset Count: scripts=1363, non-scripts=2319
		Asset File Changes: new=0, changed=0, moved=0, deleted=0
		Scan Filter Count: 0
	InvokePackagesCallback: 1.111ms
	ApplyChangesToAssetFolders: 0.285ms
	Collect global state as custom dependencies: 2.216ms
	ProcessAssetsWithTransientArtifactChanges: 0.156ms
	CategorizeAssets: 34.915ms
	CompileScripts: 1.462ms
	ImportOutOfDateAssets: 1292.654ms (1272.192ms without children)
		CollectScriptTypesHashes: 0.570ms
		ReloadNativeAssets: 0.821ms
		UnloadImportedAssets: 0.195ms
		EnsureUptoDateAssetsAreRegisteredWithGuidPM: 0.403ms
		ImportSchedulerStart: 19.025ms
	PostProcessAllAssets: 20.925ms
		MonoPostProcessAllAssets: 20.922ms
			UniversalRenderPipelineGlobalSettingsPostprocessor.OnPostprocessAllAssets 7.184ms
			AssetChangedListener.OnPostprocessAllAssets 5.299ms
			AssetPostprocessor.OnPostprocessAllAssets 4.319ms
			SyncVS.PostprocessSyncProject 2.098ms
			SpeedTree9Postprocessor.OnPostprocessAllAssets 1.431ms
			ShaderGraphAssetPostProcessor.OnPostprocessAllAssets 1.394ms
			WindowAssetPostprocessingWatcher.OnPostprocessAllAssets 1.362ms
			RetainedModeAssetPostprocessor.OnPostprocessAllAssets 1.267ms
			BuilderAssetPostprocessor.OnPostprocessAllAssets 0.915ms
			TMPro_TexturePostProcessor.OnPostprocessAllAssets 0.707ms
			ArtifactBrowserPostProcessor.OnPostprocessAllAssets 0.654ms
			UVCSAssetPostprocessor.OnPostprocessAllAssets 0.615ms
			MaterialPostprocessor.OnPostprocessAllAssets 0.595ms
			RenderPipelineGlobalSettingsPostprocessor.OnPostprocessAllAssets 0.525ms
			ProjectSettingsPostprocessor.OnPostprocessAllAssets 0.524ms
			AudioMixerPostprocessor.OnPostprocessAllAssets 0.459ms
			TextAssetPostProcessor.OnPostprocessAllAssets 0.381ms
			SampleDependencyImporterPostProcessor.OnPostprocessAllAssets 0.354ms
			InputActionJsonNameModifierAssetProcessor.OnPostprocessAllAssets 0.335ms
			PostProcessor.OnPostprocessAllAssets 0.268ms
			ShaderReflectionAssetPostProcessor.OnPostprocessAllAssets 0.258ms
			EditModeScopePostprocessor.OnPostprocessAllAssets 0.253ms
			StyleCatalogPostProcessor.OnPostprocessAllAssets 0.251ms
			AssetEvents.OnPostprocessAllAssets 0.240ms
			ConfigAssetsTracker.OnPostprocessAllAssets 0.222ms
			SpeedTreePostProcessor.OnPostprocessAllAssets 0.207ms
			InputActionAssetPostprocessor.OnPostprocessAllAssets 0.195ms
			ReferencedClipsPostProcessor.OnPostprocessAllAssets 0.192ms
			AssetReloadNotifier.OnPostprocessAllAssets 0.179ms
			ScenarioDriftAssetsTracker.OnPostprocessAllAssets 0.163ms
			SamplePostprocessor.OnPostprocessAllAssets 0.156ms
			AssetDatabaseCallbacks.OnPostprocessAllAssets 0.117ms
			TerrainToolbarOverlayPostProcessor.OnPostprocessAllAssets 0.110ms
			AudioContainerPostProcessor.OnPostprocessAllAssets 0.093ms
	GatherAllCurrentPrimaryImportResultRevisions: 0.138ms
	PersistCurrentRevisions: 0.096ms
	GenerateScriptTypeHashes: 1.674ms
	GenerateScriptTypeSerializationHashes: 2.770ms
	Untracked: 811.583ms

Loaded scene 'Temp/__Backupscenes/0.backup'
	Deserialize:            1.119 ms
	Integration:            377.672 ms
	Integration of assets:  0.001 ms
	Thread Wait Time:       0.050 ms
	Total Operation Time:   378.842 ms
[Licensing::Client] Successfully resolved entitlement details
[Licensing::Client] Successfully resolved entitlement details
MissingReferenceException: The object of type 'UnityEngine.GameObject' has been destroyed but you are still trying to access it.
Your script should either check if it is null or you should not destroy the object.
  at UnityEngine.Object+MarshalledUnityObject.TryThrowEditorNullExceptionObject (UnityEngine.Object unityObj, System.String parameterName) [0x00065] in <5ecefda573de420b8643923ab4ab8ab5>:0 
  at UnityEngine.Bindings.ThrowHelper.ThrowNullReferenceException (System.Object obj) [0x0000a] in <5ecefda573de420b8643923ab4ab8ab5>:0 
  at UnityEngine.GameObject.SetActive (System.Boolean value) [0x00006] in <5ecefda573de420b8643923ab4ab8ab5>:0 
  at ShootPool+<>c.<Awake>b__12_1 (UnityEngine.GameObject projectile) [0x00000] in C:\Users\00000859601\Documents\GitHub\oto\HUGUINHO\Assets\scripts\ShootPool.cs:27 
  at ShootPool.Shoot () [0x00018] in C:\Users\00000859601\Documents\GitHub\oto\HUGUINHO\Assets\scripts\ShootPool.cs:77 
  at ShootPool.Update () [0x0001d] in C:\Users\00000859601\Documents\GitHub\oto\HUGUINHO\Assets\scripts\ShootPool.cs:40 

(Filename: Assets/scripts/ShootPool.cs Line: 77)

MissingReferenceException: The object of type 'UnityEngine.GameObject' has been destroyed but you are still trying to access it.
Your script should either check if it is null or you should not destroy the object.
  at UnityEngine.Object+MarshalledUnityObject.TryThrowEditorNullExceptionObject (UnityEngine.Object unityObj, System.String parameterName) [0x00065] in <5ecefda573de420b8643923ab4ab8ab5>:0 
  at UnityEngine.Bindings.ThrowHelper.ThrowNullReferenceException (System.Object obj) [0x0000a] in <5ecefda573de420b8643923ab4ab8ab5>:0 
  at UnityEngine.GameObject.SetActive (System.Boolean value) [0x00006] in <5ecefda573de420b8643923ab4ab8ab5>:0 
  at ShootPool+<>c.<Awake>b__12_1 (UnityEngine.GameObject projectile) [0x00000] in C:\Users\00000859601\Documents\GitHub\oto\HUGUINHO\Assets\scripts\ShootPool.cs:27 
  at ShootPool.Shoot () [0x00018] in C:\Users\00000859601\Documents\GitHub\oto\HUGUINHO\Assets\scripts\ShootPool.cs:77 
  at ShootPool.Update () [0x0001d] in C:\Users\00000859601\Documents\GitHub\oto\HUGUINHO\Assets\scripts\ShootPool.cs:40 

(Filename: Assets/scripts/ShootPool.cs Line: 77)

MissingReferenceException: The object of type 'UnityEngine.GameObject' has been destroyed but you are still trying to access it.
Your script should either check if it is null or you should not destroy the object.
  at UnityEngine.Object+MarshalledUnityObject.TryThrowEditorNullExceptionObject (UnityEngine.Object unityObj, System.String parameterName) [0x00065] in <5ecefda573de420b8643923ab4ab8ab5>:0 
  at UnityEngine.Bindings.ThrowHelper.ThrowNullReferenceException (System.Object obj) [0x0000a] in <5ecefda573de420b8643923ab4ab8ab5>:0 
  at UnityEngine.GameObject.SetActive (System.Boolean value) [0x00006] in <5ecefda573de420b8643923ab4ab8ab5>:0 
  at ShootPool+<>c.<Awake>b__12_1 (UnityEngine.GameObject projectile) [0x00000] in C:\Users\00000859601\Documents\GitHub\oto\HUGUINHO\Assets\scripts\ShootPool.cs:27 
  at ShootPool.Shoot () [0x00018] in C:\Users\00000859601\Documents\GitHub\oto\HUGUINHO\Assets\scripts\ShootPool.cs:77 
  at ShootPool.Update () [0x0001d] in C:\Users\00000859601\Documents\GitHub\oto\HUGUINHO\Assets\scripts\ShootPool.cs:40 

(Filename: Assets/scripts/ShootPool.cs Line: 77)

MissingReferenceException: The object of type 'UnityEngine.GameObject' has been destroyed but you are still trying to access it.
Your script should either check if it is null or you should not destroy the object.
  at UnityEngine.Object+MarshalledUnityObject.TryThrowEditorNullExceptionObject (UnityEngine.Object unityObj, System.String parameterName) [0x00065] in <5ecefda573de420b8643923ab4ab8ab5>:0 
  at UnityEngine.Bindings.ThrowHelper.ThrowNullReferenceException (System.Object obj) [0x0000a] in <5ecefda573de420b8643923ab4ab8ab5>:0 
  at UnityEngine.GameObject.SetActive (System.Boolean value) [0x00006] in <5ecefda573de420b8643923ab4ab8ab5>:0 
  at ShootPool+<>c.<Awake>b__12_1 (UnityEngine.GameObject projectile) [0x00000] in C:\Users\00000859601\Documents\GitHub\oto\HUGUINHO\Assets\scripts\ShootPool.cs:27 
  at ShootPool.Shoot () [0x00018] in C:\Users\00000859601\Documents\GitHub\oto\HUGUINHO\Assets\scripts\ShootPool.cs:77 
  at ShootPool.Update () [0x0001d] in C:\Users\00000859601\Documents\GitHub\oto\HUGUINHO\Assets\scripts\ShootPool.cs:40 

(Filename: Assets/scripts/ShootPool.cs Line: 77)

MissingReferenceException: The object of type 'UnityEngine.GameObject' has been destroyed but you are still trying to access it.
Your script should either check if it is null or you should not destroy the object.
  at UnityEngine.Object+MarshalledUnityObject.TryThrowEditorNullExceptionObject (UnityEngine.Object unityObj, System.String parameterName) [0x00065] in <5ecefda573de420b8643923ab4ab8ab5>:0 
  at UnityEngine.Bindings.ThrowHelper.ThrowNullReferenceException (System.Object obj) [0x0000a] in <5ecefda573de420b8643923ab4ab8ab5>:0 
  at UnityEngine.GameObject.SetActive (System.Boolean value) [0x00006] in <5ecefda573de420b8643923ab4ab8ab5>:0 
  at ShootPool+<>c.<Awake>b__12_1 (UnityEngine.GameObject projectile) [0x00000] in C:\Users\00000859601\Documents\GitHub\oto\HUGUINHO\Assets\scripts\ShootPool.cs:27 
  at ShootPool.Shoot () [0x00018] in C:\Users\00000859601\Documents\GitHub\oto\HUGUINHO\Assets\scripts\ShootPool.cs:77 
  at ShootPool.Update () [0x0001d] in C:\Users\00000859601\Documents\GitHub\oto\HUGUINHO\Assets\scripts\ShootPool.cs:40 

(Filename: Assets/scripts/ShootPool.cs Line: 77)

MissingReferenceException: The object of type 'UnityEngine.GameObject' has been destroyed but you are still trying to access it.
Your script should either check if it is null or you should not destroy the object.
  at UnityEngine.Object+MarshalledUnityObject.TryThrowEditorNullExceptionObject (UnityEngine.Object unityObj, System.String parameterName) [0x00065] in <5ecefda573de420b8643923ab4ab8ab5>:0 
  at UnityEngine.Bindings.ThrowHelper.ThrowNullReferenceException (System.Object obj) [0x0000a] in <5ecefda573de420b8643923ab4ab8ab5>:0 
  at UnityEngine.GameObject.SetActive (System.Boolean value) [0x00006] in <5ecefda573de420b8643923ab4ab8ab5>:0 
  at ShootPool+<>c.<Awake>b__12_1 (UnityEngine.GameObject projectile) [0x00000] in C:\Users\00000859601\Documents\GitHub\oto\HUGUINHO\Assets\scripts\ShootPool.cs:27 
  at ShootPool.Shoot () [0x00018] in C:\Users\00000859601\Documents\GitHub\oto\HUGUINHO\Assets\scripts\ShootPool.cs:77 
  at ShootPool.Update () [0x0001d] in C:\Users\00000859601\Documents\GitHub\oto\HUGUINHO\Assets\scripts\ShootPool.cs:40 

(Filename: Assets/scripts/ShootPool.cs Line: 77)

MissingReferenceException: The object of type 'UnityEngine.GameObject' has been destroyed but you are still trying to access it.
Your script should either check if it is null or you should not destroy the object.
  at UnityEngine.Object+MarshalledUnityObject.TryThrowEditorNullExceptionObject (UnityEngine.Object unityObj, System.String parameterName) [0x00065] in <5ecefda573de420b8643923ab4ab8ab5>:0 
  at UnityEngine.Bindings.ThrowHelper.ThrowNullReferenceException (System.Object obj) [0x0000a] in <5ecefda573de420b8643923ab4ab8ab5>:0 
  at UnityEngine.GameObject.SetActive (System.Boolean value) [0x00006] in <5ecefda573de420b8643923ab4ab8ab5>:0 
  at ShootPool+<>c.<Awake>b__12_1 (UnityEngine.GameObject projectile) [0x00000] in C:\Users\00000859601\Documents\GitHub\oto\HUGUINHO\Assets\scripts\ShootPool.cs:27 
  at ShootPool.Shoot () [0x00018] in C:\Users\00000859601\Documents\GitHub\oto\HUGUINHO\Assets\scripts\ShootPool.cs:77 
  at ShootPool.Update () [0x0001d] in C:\Users\00000859601\Documents\GitHub\oto\HUGUINHO\Assets\scripts\ShootPool.cs:40 

(Filename: Assets/scripts/ShootPool.cs Line: 77)

MissingReferenceException: The object of type 'UnityEngine.GameObject' has been destroyed but you are still trying to access it.
Your script should either check if it is null or you should not destroy the object.
  at UnityEngine.Object+MarshalledUnityObject.TryThrowEditorNullExceptionObject (UnityEngine.Object unityObj, System.String parameterName) [0x00065] in <5ecefda573de420b8643923ab4ab8ab5>:0 
  at UnityEngine.Bindings.ThrowHelper.ThrowNullReferenceException (System.Object obj) [0x0000a] in <5ecefda573de420b8643923ab4ab8ab5>:0 
  at UnityEngine.GameObject.SetActive (System.Boolean value) [0x00006] in <5ecefda573de420b8643923ab4ab8ab5>:0 
  at ShootPool+<>c.<Awake>b__12_1 (UnityEngine.GameObject projectile) [0x00000] in C:\Users\00000859601\Documents\GitHub\oto\HUGUINHO\Assets\scripts\ShootPool.cs:27 
  at ShootPool.Shoot () [0x00018] in C:\Users\00000859601\Documents\GitHub\oto\HUGUINHO\Assets\scripts\ShootPool.cs:77 
  at ShootPool.Update () [0x0001d] in C:\Users\00000859601\Documents\GitHub\oto\HUGUINHO\Assets\scripts\ShootPool.cs:40 

(Filename: Assets/scripts/ShootPool.cs Line: 77)

MissingReferenceException: The object of type 'UnityEngine.GameObject' has been destroyed but you are still trying to access it.
Your script should either check if it is null or you should not destroy the object.
  at UnityEngine.Object+MarshalledUnityObject.TryThrowEditorNullExceptionObject (UnityEngine.Object unityObj, System.String parameterName) [0x00065] in <5ecefda573de420b8643923ab4ab8ab5>:0 
  at UnityEngine.Bindings.ThrowHelper.ThrowNullReferenceException (System.Object obj) [0x0000a] in <5ecefda573de420b8643923ab4ab8ab5>:0 
  at UnityEngine.GameObject.SetActive (System.Boolean value) [0x00006] in <5ecefda573de420b8643923ab4ab8ab5>:0 
  at ShootPool+<>c.<Awake>b__12_1 (UnityEngine.GameObject projectile) [0x00000] in C:\Users\00000859601\Documents\GitHub\oto\HUGUINHO\Assets\scripts\ShootPool.cs:27 
  at ShootPool.Shoot () [0x00018] in C:\Users\00000859601\Documents\GitHub\oto\HUGUINHO\Assets\scripts\ShootPool.cs:77 
  at ShootPool.Update () [0x0001d] in C:\Users\00000859601\Documents\GitHub\oto\HUGUINHO\Assets\scripts\ShootPool.cs:40 

(Filename: Assets/scripts/ShootPool.cs Line: 77)

MissingReferenceException: The object of type 'UnityEngine.GameObject' has been destroyed but you are still trying to access it.
Your script should either check if it is null or you should not destroy the object.
  at UnityEngine.Object+MarshalledUnityObject.TryThrowEditorNullExceptionObject (UnityEngine.Object unityObj, System.String parameterName) [0x00065] in <5ecefda573de420b8643923ab4ab8ab5>:0 
  at UnityEngine.Bindings.ThrowHelper.ThrowNullReferenceException (System.Object obj) [0x0000a] in <5ecefda573de420b8643923ab4ab8ab5>:0 
  at UnityEngine.GameObject.SetActive (System.Boolean value) [0x00006] in <5ecefda573de420b8643923ab4ab8ab5>:0 
  at ShootPool+<>c.<Awake>b__12_1 (UnityEngine.GameObject projectile) [0x00000] in C:\Users\00000859601\Documents\GitHub\oto\HUGUINHO\Assets\scripts\ShootPool.cs:27 
  at ShootPool.Shoot () [0x00018] in C:\Users\00000859601\Documents\GitHub\oto\HUGUINHO\Assets\scripts\ShootPool.cs:77 
  at ShootPool.Update () [0x0001d] in C:\Users\00000859601\Documents\GitHub\oto\HUGUINHO\Assets\scripts\ShootPool.cs:40 

(Filename: Assets/scripts/ShootPool.cs Line: 77)

Unloading 0 Unused Serialized files (Serialized files now loaded: 0)
Loaded scene 'Temp/__Backupscenes/0.backup'
	Deserialize:            0.958 ms
	Integration:            156.270 ms
	Integration of assets:  0.001 ms
	Thread Wait Time:       0.010 ms
	Total Operation Time:   157.238 ms
Unloading 15 unused Assets / (452.4 KB). Loaded Objects now: 8823.
Memory consumption went from 0.67 GB to 0.67 GB.
Total: 14.946800 ms (FindLiveObjects: 0.405700 ms CreateObjectMapping: 0.721800 ms MarkObjects: 13.728900 ms  DeleteObjects: 0.089200 ms)

Asset Pipeline Refresh (id=b77ef1241cd9db34b902cc234248f4c1): Total: 0.012 seconds - Initiated by RefreshV2(AllowForceSynchronousImport)
Reloading assemblies for play mode.
Reloading assemblies after forced synchronous recompile.
Begin MonoManager ReloadAssembly
Native extension for WindowsStandalone target not found
ScheduleIndexationOnStartup MainProcess:True IndexOnStartup:True
[MODES] ModeService[none].Initialize
[MODES] ModeService[none].LoadModes
Mono: successfully reloaded assembly
- Finished resetting the current domain, in  1.273 seconds
Domain Reload Profiling: 2024ms
	BeginReloadAssembly (569ms)
		DisableScriptedObjects (67ms)
		CreateAndSetChildDomain (368ms)
	RebuildCommonClasses (7ms)
	RebuildNativeTypeToScriptingClass (11ms)
	initialDomainReloadingComplete (39ms)
	LoadAllAssembliesAndSetupDomain (124ms)
		LoadAssemblies (84ms)
		AnalyzeDomain (27ms)
			TypeCache.Refresh (6ms)
			ResolveRequiredComponents (18ms)
	FinalizeReload (1274ms)
		SetupLoadedEditorAssemblies (0ms)
			BeforeProcessingInitializeOnLoad (65ms)
			ProcessInitializeOnLoadAttributes (286ms)
			ProcessInitializeOnLoadMethodAttributes (113ms)
			AfterProcessingInitializeOnLoad (5ms)
		AwakeInstancesAfterBackupRestoration (429ms)

Asset Pipeline Refresh (id=601bbdd7e7f5591489d25b1ef0da4d80): Total: 2.185 seconds - Initiated by StopAssetImportingV2(ForceSynchronousImport | ForceDomainReload)
	(Values over 0.05ms)
	Summary:
		Imports: total=0 (actual=0, local cache=0, cache server=0)
		Asset DB Process Time: managed=0 ms, native=1375 ms
		Asset DB Callback time: managed=21 ms, native=0 ms
		Scripting: domain reloads=1, domain reload time=786 ms, compile time=2 ms, other=0 ms
		Project Asset Count: scripts=1363, non-scripts=2319
		Asset File Changes: new=0, changed=0, moved=0, deleted=0
		Scan Filter Count: 0
	InvokePackagesCallback: 1.142ms
	ApplyChangesToAssetFolders: 0.273ms
	Collect global state as custom dependencies: 2.228ms
	ProcessAssetsWithTransientArtifactChanges: 0.162ms
	CategorizeAssets: 36.556ms
	CompileScripts: 1.591ms
	ImportOutOfDateAssets: 1305.190ms (1284.203ms without children)
		CollectScriptTypesHashes: 0.581ms
		ReloadNativeAssets: 0.777ms
		UnloadImportedAssets: 0.159ms
		EnsureUptoDateAssetsAreRegisteredWithGuidPM: 0.388ms
		ImportSchedulerStart: 19.643ms
	PostProcessAllAssets: 21.193ms
		MonoPostProcessAllAssets: 21.189ms
			UniversalRenderPipelineGlobalSettingsPostprocessor.OnPostprocessAllAssets 7.291ms
			AssetChangedListener.OnPostprocessAllAssets 5.299ms
			AssetPostprocessor.OnPostprocessAllAssets 4.319ms
			SyncVS.PostprocessSyncProject 2.126ms
			ShaderGraphAssetPostProcessor.OnPostprocessAllAssets 1.394ms
			WindowAssetPostprocessingWatcher.OnPostprocessAllAssets 1.393ms
			SpeedTree9Postprocessor.OnPostprocessAllAssets 1.349ms
			RetainedModeAssetPostprocessor.OnPostprocessAllAssets 1.267ms
			BuilderAssetPostprocessor.OnPostprocessAllAssets 0.915ms
			TMPro_TexturePostProcessor.OnPostprocessAllAssets 0.707ms
			ArtifactBrowserPostProcessor.OnPostprocessAllAssets 0.654ms
			UVCSAssetPostprocessor.OnPostprocessAllAssets 0.615ms
			MaterialPostprocessor.OnPostprocessAllAssets 0.595ms
			RenderPipelineGlobalSettingsPostprocessor.OnPostprocessAllAssets 0.531ms
			ProjectSettingsPostprocessor.OnPostprocessAllAssets 0.530ms
			AudioMixerPostprocessor.OnPostprocessAllAssets 0.459ms
			TextAssetPostProcessor.OnPostprocessAllAssets 0.381ms
			SampleDependencyImporterPostProcessor.OnPostprocessAllAssets 0.354ms
			InputActionJsonNameModifierAssetProcessor.OnPostprocessAllAssets 0.335ms
			PostProcessor.OnPostprocessAllAssets 0.268ms
			ShaderReflectionAssetPostProcessor.OnPostprocessAllAssets 0.257ms
			EditModeScopePostprocessor.OnPostprocessAllAssets 0.252ms
			StyleCatalogPostProcessor.OnPostprocessAllAssets 0.251ms
			AssetEvents.OnPostprocessAllAssets 0.240ms
			ConfigAssetsTracker.OnPostprocessAllAssets 0.222ms
			SpeedTreePostProcessor.OnPostprocessAllAssets 0.207ms
			ReferencedClipsPostProcessor.OnPostprocessAllAssets 0.196ms
			InputActionAssetPostprocessor.OnPostprocessAllAssets 0.194ms
			AssetReloadNotifier.OnPostprocessAllAssets 0.179ms
			ScenarioDriftAssetsTracker.OnPostprocessAllAssets 0.163ms
			SamplePostprocessor.OnPostprocessAllAssets 0.156ms
			TerrainToolbarOverlayPostProcessor.OnPostprocessAllAssets 0.108ms
			AssetDatabaseCallbacks.OnPostprocessAllAssets 0.107ms
			AudioContainerPostProcessor.OnPostprocessAllAssets 0.093ms
	GatherAllCurrentPrimaryImportResultRevisions: 0.135ms
	PersistCurrentRevisions: 0.095ms
	GenerateScriptTypeHashes: 1.877ms
	GenerateScriptTypeSerializationHashes: 3.181ms
	Untracked: 809.620ms

Loaded scene 'Temp/__Backupscenes/0.backup'
	Deserialize:            1.116 ms
	Integration:            388.746 ms
	Integration of assets:  0.002 ms
	Thread Wait Time:       0.008 ms
	Total Operation Time:   389.871 ms
[Licensing::Client] Successfully resolved entitlement details
[Licensing::Client] Successfully resolved entitlement details
MissingReferenceException: The object of type 'UnityEngine.GameObject' has been destroyed but you are still trying to access it.
Your script should either check if it is null or you should not destroy the object.
  at UnityEngine.Object+MarshalledUnityObject.TryThrowEditorNullExceptionObject (UnityEngine.Object unityObj, System.String parameterName) [0x00065] in <5ecefda573de420b8643923ab4ab8ab5>:0 
  at UnityEngine.Bindings.ThrowHelper.ThrowNullReferenceException (System.Object obj) [0x0000a] in <5ecefda573de420b8643923ab4ab8ab5>:0 
  at UnityEngine.GameObject.SetActive (System.Boolean value) [0x00006] in <5ecefda573de420b8643923ab4ab8ab5>:0 
  at ShootPool+<>c.<Awake>b__12_1 (UnityEngine.GameObject projectile) [0x00000] in C:\Users\00000859601\Documents\GitHub\oto\HUGUINHO\Assets\scripts\ShootPool.cs:27 
  at ShootPool.Shoot () [0x00018] in C:\Users\00000859601\Documents\GitHub\oto\HUGUINHO\Assets\scripts\ShootPool.cs:77 
  at ShootPool.Update () [0x0001d] in C:\Users\00000859601\Documents\GitHub\oto\HUGUINHO\Assets\scripts\ShootPool.cs:40 

(Filename: Assets/scripts/ShootPool.cs Line: 77)

MissingReferenceException: The object of type 'UnityEngine.GameObject' has been destroyed but you are still trying to access it.
Your script should either check if it is null or you should not destroy the object.
  at UnityEngine.Object+MarshalledUnityObject.TryThrowEditorNullExceptionObject (UnityEngine.Object unityObj, System.String parameterName) [0x00065] in <5ecefda573de420b8643923ab4ab8ab5>:0 
  at UnityEngine.Bindings.ThrowHelper.ThrowNullReferenceException (System.Object obj) [0x0000a] in <5ecefda573de420b8643923ab4ab8ab5>:0 
  at UnityEngine.GameObject.SetActive (System.Boolean value) [0x00006] in <5ecefda573de420b8643923ab4ab8ab5>:0 
  at ShootPool+<>c.<Awake>b__12_1 (UnityEngine.GameObject projectile) [0x00000] in C:\Users\00000859601\Documents\GitHub\oto\HUGUINHO\Assets\scripts\ShootPool.cs:27 
  at ShootPool.Shoot () [0x00018] in C:\Users\00000859601\Documents\GitHub\oto\HUGUINHO\Assets\scripts\ShootPool.cs:77 
  at ShootPool.Update () [0x0001d] in C:\Users\00000859601\Documents\GitHub\oto\HUGUINHO\Assets\scripts\ShootPool.cs:40 

(Filename: Assets/scripts/ShootPool.cs Line: 77)

MissingReferenceException: The object of type 'UnityEngine.GameObject' has been destroyed but you are still trying to access it.
Your script should either check if it is null or you should not destroy the object.
  at UnityEngine.Object+MarshalledUnityObject.TryThrowEditorNullExceptionObject (UnityEngine.Object unityObj, System.String parameterName) [0x00065] in <5ecefda573de420b8643923ab4ab8ab5>:0 
  at UnityEngine.Bindings.ThrowHelper.ThrowNullReferenceException (System.Object obj) [0x0000a] in <5ecefda573de420b8643923ab4ab8ab5>:0 
  at UnityEngine.GameObject.SetActive (System.Boolean value) [0x00006] in <5ecefda573de420b8643923ab4ab8ab5>:0 
  at ShootPool+<>c.<Awake>b__12_1 (UnityEngine.GameObject projectile) [0x00000] in C:\Users\00000859601\Documents\GitHub\oto\HUGUINHO\Assets\scripts\ShootPool.cs:27 
  at ShootPool.Shoot () [0x00018] in C:\Users\00000859601\Documents\GitHub\oto\HUGUINHO\Assets\scripts\ShootPool.cs:77 
  at ShootPool.Update () [0x0001d] in C:\Users\00000859601\Documents\GitHub\oto\HUGUINHO\Assets\scripts\ShootPool.cs:40 

(Filename: Assets/scripts/ShootPool.cs Line: 77)

MissingReferenceException: The object of type 'UnityEngine.GameObject' has been destroyed but you are still trying to access it.
Your script should either check if it is null or you should not destroy the object.
  at UnityEngine.Object+MarshalledUnityObject.TryThrowEditorNullExceptionObject (UnityEngine.Object unityObj, System.String parameterName) [0x00065] in <5ecefda573de420b8643923ab4ab8ab5>:0 
  at UnityEngine.Bindings.ThrowHelper.ThrowNullReferenceException (System.Object obj) [0x0000a] in <5ecefda573de420b8643923ab4ab8ab5>:0 
  at UnityEngine.GameObject.SetActive (System.Boolean value) [0x00006] in <5ecefda573de420b8643923ab4ab8ab5>:0 
  at ShootPool+<>c.<Awake>b__12_1 (UnityEngine.GameObject projectile) [0x00000] in C:\Users\00000859601\Documents\GitHub\oto\HUGUINHO\Assets\scripts\ShootPool.cs:27 
  at ShootPool.Shoot () [0x00018] in C:\Users\00000859601\Documents\GitHub\oto\HUGUINHO\Assets\scripts\ShootPool.cs:77 
  at ShootPool.Update () [0x0001d] in C:\Users\00000859601\Documents\GitHub\oto\HUGUINHO\Assets\scripts\ShootPool.cs:40 

(Filename: Assets/scripts/ShootPool.cs Line: 77)

MissingReferenceException: The object of type 'UnityEngine.GameObject' has been destroyed but you are still trying to access it.
Your script should either check if it is null or you should not destroy the object.
  at UnityEngine.Object+MarshalledUnityObject.TryThrowEditorNullExceptionObject (UnityEngine.Object unityObj, System.String parameterName) [0x00065] in <5ecefda573de420b8643923ab4ab8ab5>:0 
  at UnityEngine.Bindings.ThrowHelper.ThrowNullReferenceException (System.Object obj) [0x0000a] in <5ecefda573de420b8643923ab4ab8ab5>:0 
  at UnityEngine.GameObject.SetActive (System.Boolean value) [0x00006] in <5ecefda573de420b8643923ab4ab8ab5>:0 
  at ShootPool+<>c.<Awake>b__12_1 (UnityEngine.GameObject projectile) [0x00000] in C:\Users\00000859601\Documents\GitHub\oto\HUGUINHO\Assets\scripts\ShootPool.cs:27 
  at ShootPool.Shoot () [0x00018] in C:\Users\00000859601\Documents\GitHub\oto\HUGUINHO\Assets\scripts\ShootPool.cs:77 
  at ShootPool.Update () [0x0001d] in C:\Users\00000859601\Documents\GitHub\oto\HUGUINHO\Assets\scripts\ShootPool.cs:40 

(Filename: Assets/scripts/ShootPool.cs Line: 77)

MissingReferenceException: The object of type 'UnityEngine.GameObject' has been destroyed but you are still trying to access it.
Your script should either check if it is null or you should not destroy the object.
  at UnityEngine.Object+MarshalledUnityObject.TryThrowEditorNullExceptionObject (UnityEngine.Object unityObj, System.String parameterName) [0x00065] in <5ecefda573de420b8643923ab4ab8ab5>:0 
  at UnityEngine.Bindings.ThrowHelper.ThrowNullReferenceException (System.Object obj) [0x0000a] in <5ecefda573de420b8643923ab4ab8ab5>:0 
  at UnityEngine.GameObject.SetActive (System.Boolean value) [0x00006] in <5ecefda573de420b8643923ab4ab8ab5>:0 
  at ShootPool+<>c.<Awake>b__12_1 (UnityEngine.GameObject projectile) [0x00000] in C:\Users\00000859601\Documents\GitHub\oto\HUGUINHO\Assets\scripts\ShootPool.cs:27 
  at ShootPool.Shoot () [0x00018] in C:\Users\00000859601\Documents\GitHub\oto\HUGUINHO\Assets\scripts\ShootPool.cs:77 
  at ShootPool.Update () [0x0001d] in C:\Users\00000859601\Documents\GitHub\oto\HUGUINHO\Assets\scripts\ShootPool.cs:40 

(Filename: Assets/scripts/ShootPool.cs Line: 77)

MissingReferenceException: The object of type 'UnityEngine.GameObject' has been destroyed but you are still trying to access it.
Your script should either check if it is null or you should not destroy the object.
  at UnityEngine.Object+MarshalledUnityObject.TryThrowEditorNullExceptionObject (UnityEngine.Object unityObj, System.String parameterName) [0x00065] in <5ecefda573de420b8643923ab4ab8ab5>:0 
  at UnityEngine.Bindings.ThrowHelper.ThrowNullReferenceException (System.Object obj) [0x0000a] in <5ecefda573de420b8643923ab4ab8ab5>:0 
  at UnityEngine.GameObject.SetActive (System.Boolean value) [0x00006] in <5ecefda573de420b8643923ab4ab8ab5>:0 
  at ShootPool+<>c.<Awake>b__12_1 (UnityEngine.GameObject projectile) [0x00000] in C:\Users\00000859601\Documents\GitHub\oto\HUGUINHO\Assets\scripts\ShootPool.cs:27 
  at ShootPool.Shoot () [0x00018] in C:\Users\00000859601\Documents\GitHub\oto\HUGUINHO\Assets\scripts\ShootPool.cs:77 
  at ShootPool.Update () [0x0001d] in C:\Users\00000859601\Documents\GitHub\oto\HUGUINHO\Assets\scripts\ShootPool.cs:40 

(Filename: Assets/scripts/ShootPool.cs Line: 77)

MissingReferenceException: The object of type 'UnityEngine.GameObject' has been destroyed but you are still trying to access it.
Your script should either check if it is null or you should not destroy the object.
  at UnityEngine.Object+MarshalledUnityObject.TryThrowEditorNullExceptionObject (UnityEngine.Object unityObj, System.String parameterName) [0x00065] in <5ecefda573de420b8643923ab4ab8ab5>:0 
  at UnityEngine.Bindings.ThrowHelper.ThrowNullReferenceException (System.Object obj) [0x0000a] in <5ecefda573de420b8643923ab4ab8ab5>:0 
  at UnityEngine.GameObject.SetActive (System.Boolean value) [0x00006] in <5ecefda573de420b8643923ab4ab8ab5>:0 
  at ShootPool+<>c.<Awake>b__12_1 (UnityEngine.GameObject projectile) [0x00000] in C:\Users\00000859601\Documents\GitHub\oto\HUGUINHO\Assets\scripts\ShootPool.cs:27 
  at ShootPool.Shoot () [0x00018] in C:\Users\00000859601\Documents\GitHub\oto\HUGUINHO\Assets\scripts\ShootPool.cs:77 
  at ShootPool.Update () [0x0001d] in C:\Users\00000859601\Documents\GitHub\oto\HUGUINHO\Assets\scripts\ShootPool.cs:40 

(Filename: Assets/scripts/ShootPool.cs Line: 77)

MissingReferenceException: The object of type 'UnityEngine.GameObject' has been destroyed but you are still trying to access it.
Your script should either check if it is null or you should not destroy the object.
  at UnityEngine.Object+MarshalledUnityObject.TryThrowEditorNullExceptionObject (UnityEngine.Object unityObj, System.String parameterName) [0x00065] in <5ecefda573de420b8643923ab4ab8ab5>:0 
  at UnityEngine.Bindings.ThrowHelper.ThrowNullReferenceException (System.Object obj) [0x0000a] in <5ecefda573de420b8643923ab4ab8ab5>:0 
  at UnityEngine.GameObject.SetActive (System.Boolean value) [0x00006] in <5ecefda573de420b8643923ab4ab8ab5>:0 
  at ShootPool+<>c.<Awake>b__12_1 (UnityEngine.GameObject projectile) [0x00000] in C:\Users\00000859601\Documents\GitHub\oto\HUGUINHO\Assets\scripts\ShootPool.cs:27 
  at ShootPool.Shoot () [0x00018] in C:\Users\00000859601\Documents\GitHub\oto\HUGUINHO\Assets\scripts\ShootPool.cs:77 
  at ShootPool.Update () [0x0001d] in C:\Users\00000859601\Documents\GitHub\oto\HUGUINHO\Assets\scripts\ShootPool.cs:40 

(Filename: Assets/scripts/ShootPool.cs Line: 77)

MissingReferenceException: The object of type 'UnityEngine.GameObject' has been destroyed but you are still trying to access it.
Your script should either check if it is null or you should not destroy the object.
  at UnityEngine.Object+MarshalledUnityObject.TryThrowEditorNullExceptionObject (UnityEngine.Object unityObj, System.String parameterName) [0x00065] in <5ecefda573de420b8643923ab4ab8ab5>:0 
  at UnityEngine.Bindings.ThrowHelper.ThrowNullReferenceException (System.Object obj) [0x0000a] in <5ecefda573de420b8643923ab4ab8ab5>:0 
  at UnityEngine.GameObject.SetActive (System.Boolean value) [0x00006] in <5ecefda573de420b8643923ab4ab8ab5>:0 
  at ShootPool+<>c.<Awake>b__12_1 (UnityEngine.GameObject projectile) [0x00000] in C:\Users\00000859601\Documents\GitHub\oto\HUGUINHO\Assets\scripts\ShootPool.cs:27 
  at ShootPool.Shoot () [0x00018] in C:\Users\00000859601\Documents\GitHub\oto\HUGUINHO\Assets\scripts\ShootPool.cs:77 
  at ShootPool.Update () [0x0001d] in C:\Users\00000859601\Documents\GitHub\oto\HUGUINHO\Assets\scripts\ShootPool.cs:40 

(Filename: Assets/scripts/ShootPool.cs Line: 77)

MissingReferenceException: The object of type 'UnityEngine.GameObject' has been destroyed but you are still trying to access it.
Your script should either check if it is null or you should not destroy the object.
  at UnityEngine.Object+MarshalledUnityObject.TryThrowEditorNullExceptionObject (UnityEngine.Object unityObj, System.String parameterName) [0x00065] in <5ecefda573de420b8643923ab4ab8ab5>:0 
  at UnityEngine.Bindings.ThrowHelper.ThrowNullReferenceException (System.Object obj) [0x0000a] in <5ecefda573de420b8643923ab4ab8ab5>:0 
  at UnityEngine.GameObject.SetActive (System.Boolean value) [0x00006] in <5ecefda573de420b8643923ab4ab8ab5>:0 
  at ShootPool+<>c.<Awake>b__12_1 (UnityEngine.GameObject projectile) [0x00000] in C:\Users\00000859601\Documents\GitHub\oto\HUGUINHO\Assets\scripts\ShootPool.cs:27 
  at ShootPool.Shoot () [0x00018] in C:\Users\00000859601\Documents\GitHub\oto\HUGUINHO\Assets\scripts\ShootPool.cs:77 
  at ShootPool.Update () [0x0001d] in C:\Users\00000859601\Documents\GitHub\oto\HUGUINHO\Assets\scripts\ShootPool.cs:40 

(Filename: Assets/scripts/ShootPool.cs Line: 77)

MissingReferenceException: The object of type 'UnityEngine.GameObject' has been destroyed but you are still trying to access it.
Your script should either check if it is null or you should not destroy the object.
  at UnityEngine.Object+MarshalledUnityObject.TryThrowEditorNullExceptionObject (UnityEngine.Object unityObj, System.String parameterName) [0x00065] in <5ecefda573de420b8643923ab4ab8ab5>:0 
  at UnityEngine.Bindings.ThrowHelper.ThrowNullReferenceException (System.Object obj) [0x0000a] in <5ecefda573de420b8643923ab4ab8ab5>:0 
  at UnityEngine.GameObject.SetActive (System.Boolean value) [0x00006] in <5ecefda573de420b8643923ab4ab8ab5>:0 
  at ShootPool+<>c.<Awake>b__12_1 (UnityEngine.GameObject projectile) [0x00000] in C:\Users\00000859601\Documents\GitHub\oto\HUGUINHO\Assets\scripts\ShootPool.cs:27 
  at ShootPool.Shoot () [0x00018] in C:\Users\00000859601\Documents\GitHub\oto\HUGUINHO\Assets\scripts\ShootPool.cs:77 
  at ShootPool.Update () [0x0001d] in C:\Users\00000859601\Documents\GitHub\oto\HUGUINHO\Assets\scripts\ShootPool.cs:40 

(Filename: Assets/scripts/ShootPool.cs Line: 77)

MissingReferenceException: The object of type 'UnityEngine.GameObject' has been destroyed but you are still trying to access it.
Your script should either check if it is null or you should not destroy the object.
  at UnityEngine.Object+MarshalledUnityObject.TryThrowEditorNullExceptionObject (UnityEngine.Object unityObj, System.String parameterName) [0x00065] in <5ecefda573de420b8643923ab4ab8ab5>:0 
  at UnityEngine.Bindings.ThrowHelper.ThrowNullReferenceException (System.Object obj) [0x0000a] in <5ecefda573de420b8643923ab4ab8ab5>:0 
  at UnityEngine.GameObject.SetActive (System.Boolean value) [0x00006] in <5ecefda573de420b8643923ab4ab8ab5>:0 
  at ShootPool+<>c.<Awake>b__12_1 (UnityEngine.GameObject projectile) [0x00000] in C:\Users\00000859601\Documents\GitHub\oto\HUGUINHO\Assets\scripts\ShootPool.cs:27 
  at ShootPool.Shoot () [0x00018] in C:\Users\00000859601\Documents\GitHub\oto\HUGUINHO\Assets\scripts\ShootPool.cs:77 
  at ShootPool.Update () [0x0001d] in C:\Users\00000859601\Documents\GitHub\oto\HUGUINHO\Assets\scripts\ShootPool.cs:40 

(Filename: Assets/scripts/ShootPool.cs Line: 77)

MissingReferenceException: The object of type 'UnityEngine.GameObject' has been destroyed but you are still trying to access it.
Your script should either check if it is null or you should not destroy the object.
  at UnityEngine.Object+MarshalledUnityObject.TryThrowEditorNullExceptionObject (UnityEngine.Object unityObj, System.String parameterName) [0x00065] in <5ecefda573de420b8643923ab4ab8ab5>:0 
  at UnityEngine.Bindings.ThrowHelper.ThrowNullReferenceException (System.Object obj) [0x0000a] in <5ecefda573de420b8643923ab4ab8ab5>:0 
  at UnityEngine.GameObject.SetActive (System.Boolean value) [0x00006] in <5ecefda573de420b8643923ab4ab8ab5>:0 
  at ShootPool+<>c.<Awake>b__12_1 (UnityEngine.GameObject projectile) [0x00000] in C:\Users\00000859601\Documents\GitHub\oto\HUGUINHO\Assets\scripts\ShootPool.cs:27 
  at ShootPool.Shoot () [0x00018] in C:\Users\00000859601\Documents\GitHub\oto\HUGUINHO\Assets\scripts\ShootPool.cs:77 
  at ShootPool.Update () [0x0001d] in C:\Users\00000859601\Documents\GitHub\oto\HUGUINHO\Assets\scripts\ShootPool.cs:40 

(Filename: Assets/scripts/ShootPool.cs Line: 77)

MissingReferenceException: The object of type 'UnityEngine.GameObject' has been destroyed but you are still trying to access it.
Your script should either check if it is null or you should not destroy the object.
  at UnityEngine.Object+MarshalledUnityObject.TryThrowEditorNullExceptionObject (UnityEngine.Object unityObj, System.String parameterName) [0x00065] in <5ecefda573de420b8643923ab4ab8ab5>:0 
  at UnityEngine.Bindings.ThrowHelper.ThrowNullReferenceException (System.Object obj) [0x0000a] in <5ecefda573de420b8643923ab4ab8ab5>:0 
  at UnityEngine.GameObject.SetActive (System.Boolean value) [0x00006] in <5ecefda573de420b8643923ab4ab8ab5>:0 
  at ShootPool+<>c.<Awake>b__12_1 (UnityEngine.GameObject projectile) [0x00000] in C:\Users\00000859601\Documents\GitHub\oto\HUGUINHO\Assets\scripts\ShootPool.cs:27 
  at ShootPool.Shoot () [0x00018] in C:\Users\00000859601\Documents\GitHub\oto\HUGUINHO\Assets\scripts\ShootPool.cs:77 
  at ShootPool.Update () [0x0001d] in C:\Users\00000859601\Documents\GitHub\oto\HUGUINHO\Assets\scripts\ShootPool.cs:40 

(Filename: Assets/scripts/ShootPool.cs Line: 77)

MissingReferenceException: The object of type 'UnityEngine.GameObject' has been destroyed but you are still trying to access it.
Your script should either check if it is null or you should not destroy the object.
  at UnityEngine.Object+MarshalledUnityObject.TryThrowEditorNullExceptionObject (UnityEngine.Object unityObj, System.String parameterName) [0x00065] in <5ecefda573de420b8643923ab4ab8ab5>:0 
  at UnityEngine.Bindings.ThrowHelper.ThrowNullReferenceException (System.Object obj) [0x0000a] in <5ecefda573de420b8643923ab4ab8ab5>:0 
  at UnityEngine.GameObject.SetActive (System.Boolean value) [0x00006] in <5ecefda573de420b8643923ab4ab8ab5>:0 
  at ShootPool+<>c.<Awake>b__12_1 (UnityEngine.GameObject projectile) [0x00000] in C:\Users\00000859601\Documents\GitHub\oto\HUGUINHO\Assets\scripts\ShootPool.cs:27 
  at ShootPool.Shoot () [0x00018] in C:\Users\00000859601\Documents\GitHub\oto\HUGUINHO\Assets\scripts\ShootPool.cs:77 
  at ShootPool.Update () [0x0001d] in C:\Users\00000859601\Documents\GitHub\oto\HUGUINHO\Assets\scripts\ShootPool.cs:40 

(Filename: Assets/scripts/ShootPool.cs Line: 77)

MissingReferenceException: The object of type 'UnityEngine.GameObject' has been destroyed but you are still trying to access it.
Your script should either check if it is null or you should not destroy the object.
  at UnityEngine.Object+MarshalledUnityObject.TryThrowEditorNullExceptionObject (UnityEngine.Object unityObj, System.String parameterName) [0x00065] in <5ecefda573de420b8643923ab4ab8ab5>:0 
  at UnityEngine.Bindings.ThrowHelper.ThrowNullReferenceException (System.Object obj) [0x0000a] in <5ecefda573de420b8643923ab4ab8ab5>:0 
  at UnityEngine.GameObject.SetActive (System.Boolean value) [0x00006] in <5ecefda573de420b8643923ab4ab8ab5>:0 
  at ShootPool+<>c.<Awake>b__12_1 (UnityEngine.GameObject projectile) [0x00000] in C:\Users\00000859601\Documents\GitHub\oto\HUGUINHO\Assets\scripts\ShootPool.cs:27 
  at ShootPool.Shoot () [0x00018] in C:\Users\00000859601\Documents\GitHub\oto\HUGUINHO\Assets\scripts\ShootPool.cs:77 
  at ShootPool.Update () [0x0001d] in C:\Users\00000859601\Documents\GitHub\oto\HUGUINHO\Assets\scripts\ShootPool.cs:40 

(Filename: Assets/scripts/ShootPool.cs Line: 77)

MissingReferenceException: The object of type 'UnityEngine.GameObject' has been destroyed but you are still trying to access it.
Your script should either check if it is null or you should not destroy the object.
  at UnityEngine.Object+MarshalledUnityObject.TryThrowEditorNullExceptionObject (UnityEngine.Object unityObj, System.String parameterName) [0x00065] in <5ecefda573de420b8643923ab4ab8ab5>:0 
  at UnityEngine.Bindings.ThrowHelper.ThrowNullReferenceException (System.Object obj) [0x0000a] in <5ecefda573de420b8643923ab4ab8ab5>:0 
  at UnityEngine.GameObject.SetActive (System.Boolean value) [0x00006] in <5ecefda573de420b8643923ab4ab8ab5>:0 
  at ShootPool+<>c.<Awake>b__12_1 (UnityEngine.GameObject projectile) [0x00000] in C:\Users\00000859601\Documents\GitHub\oto\HUGUINHO\Assets\scripts\ShootPool.cs:27 
  at ShootPool.Shoot () [0x00018] in C:\Users\00000859601\Documents\GitHub\oto\HUGUINHO\Assets\scripts\ShootPool.cs:77 
  at ShootPool.Update () [0x0001d] in C:\Users\00000859601\Documents\GitHub\oto\HUGUINHO\Assets\scripts\ShootPool.cs:40 

(Filename: Assets/scripts/ShootPool.cs Line: 77)

MissingReferenceException: The object of type 'UnityEngine.GameObject' has been destroyed but you are still trying to access it.
Your script should either check if it is null or you should not destroy the object.
  at UnityEngine.Object+MarshalledUnityObject.TryThrowEditorNullExceptionObject (UnityEngine.Object unityObj, System.String parameterName) [0x00065] in <5ecefda573de420b8643923ab4ab8ab5>:0 
  at UnityEngine.Bindings.ThrowHelper.ThrowNullReferenceException (System.Object obj) [0x0000a] in <5ecefda573de420b8643923ab4ab8ab5>:0 
  at UnityEngine.GameObject.SetActive (System.Boolean value) [0x00006] in <5ecefda573de420b8643923ab4ab8ab5>:0 
  at ShootPool+<>c.<Awake>b__12_1 (UnityEngine.GameObject projectile) [0x00000] in C:\Users\00000859601\Documents\GitHub\oto\HUGUINHO\Assets\scripts\ShootPool.cs:27 
  at ShootPool.Shoot () [0x00018] in C:\Users\00000859601\Documents\GitHub\oto\HUGUINHO\Assets\scripts\ShootPool.cs:77 
  at ShootPool.Update () [0x0001d] in C:\Users\00000859601\Documents\GitHub\oto\HUGUINHO\Assets\scripts\ShootPool.cs:40 

(Filename: Assets/scripts/ShootPool.cs Line: 77)

MissingReferenceException: The object of type 'UnityEngine.GameObject' has been destroyed but you are still trying to access it.
Your script should either check if it is null or you should not destroy the object.
  at UnityEngine.Object+MarshalledUnityObject.TryThrowEditorNullExceptionObject (UnityEngine.Object unityObj, System.String parameterName) [0x00065] in <5ecefda573de420b8643923ab4ab8ab5>:0 
  at UnityEngine.Bindings.ThrowHelper.ThrowNullReferenceException (System.Object obj) [0x0000a] in <5ecefda573de420b8643923ab4ab8ab5>:0 
  at UnityEngine.GameObject.SetActive (System.Boolean value) [0x00006] in <5ecefda573de420b8643923ab4ab8ab5>:0 
  at ShootPool+<>c.<Awake>b__12_1 (UnityEngine.GameObject projectile) [0x00000] in C:\Users\00000859601\Documents\GitHub\oto\HUGUINHO\Assets\scripts\ShootPool.cs:27 
  at ShootPool.Shoot () [0x00018] in C:\Users\00000859601\Documents\GitHub\oto\HUGUINHO\Assets\scripts\ShootPool.cs:77 
  at ShootPool.Update () [0x0001d] in C:\Users\00000859601\Documents\GitHub\oto\HUGUINHO\Assets\scripts\ShootPool.cs:40 

(Filename: Assets/scripts/ShootPool.cs Line: 77)

MissingReferenceException: The object of type 'UnityEngine.GameObject' has been destroyed but you are still trying to access it.
Your script should either check if it is null or you should not destroy the object.
  at UnityEngine.Object+MarshalledUnityObject.TryThrowEditorNullExceptionObject (UnityEngine.Object unityObj, System.String parameterName) [0x00065] in <5ecefda573de420b8643923ab4ab8ab5>:0 
  at UnityEngine.Bindings.ThrowHelper.ThrowNullReferenceException (System.Object obj) [0x0000a] in <5ecefda573de420b8643923ab4ab8ab5>:0 
  at UnityEngine.GameObject.SetActive (System.Boolean value) [0x00006] in <5ecefda573de420b8643923ab4ab8ab5>:0 
  at ShootPool+<>c.<Awake>b__12_1 (UnityEngine.GameObject projectile) [0x00000] in C:\Users\00000859601\Documents\GitHub\oto\HUGUINHO\Assets\scripts\ShootPool.cs:27 
  at ShootPool.Shoot () [0x00018] in C:\Users\00000859601\Documents\GitHub\oto\HUGUINHO\Assets\scripts\ShootPool.cs:77 
  at ShootPool.Update () [0x0001d] in C:\Users\00000859601\Documents\GitHub\oto\HUGUINHO\Assets\scripts\ShootPool.cs:40 

(Filename: Assets/scripts/ShootPool.cs Line: 77)

MissingReferenceException: The object of type 'UnityEngine.GameObject' has been destroyed but you are still trying to access it.
Your script should either check if it is null or you should not destroy the object.
  at UnityEngine.Object+MarshalledUnityObject.TryThrowEditorNullExceptionObject (UnityEngine.Object unityObj, System.String parameterName) [0x00065] in <5ecefda573de420b8643923ab4ab8ab5>:0 
  at UnityEngine.Bindings.ThrowHelper.ThrowNullReferenceException (System.Object obj) [0x0000a] in <5ecefda573de420b8643923ab4ab8ab5>:0 
  at UnityEngine.GameObject.SetActive (System.Boolean value) [0x00006] in <5ecefda573de420b8643923ab4ab8ab5>:0 
  at ShootPool+<>c.<Awake>b__12_1 (UnityEngine.GameObject projectile) [0x00000] in C:\Users\00000859601\Documents\GitHub\oto\HUGUINHO\Assets\scripts\ShootPool.cs:27 
  at ShootPool.Shoot () [0x00018] in C:\Users\00000859601\Documents\GitHub\oto\HUGUINHO\Assets\scripts\ShootPool.cs:77 
  at ShootPool.Update () [0x0001d] in C:\Users\00000859601\Documents\GitHub\oto\HUGUINHO\Assets\scripts\ShootPool.cs:40 

(Filename: Assets/scripts/ShootPool.cs Line: 77)

MissingReferenceException: The object of type 'UnityEngine.GameObject' has been destroyed but you are still trying to access it.
Your script should either check if it is null or you should not destroy the object.
  at UnityEngine.Object+MarshalledUnityObject.TryThrowEditorNullExceptionObject (UnityEngine.Object unityObj, System.String parameterName) [0x00065] in <5ecefda573de420b8643923ab4ab8ab5>:0 
  at UnityEngine.Bindings.ThrowHelper.ThrowNullReferenceException (System.Object obj) [0x0000a] in <5ecefda573de420b8643923ab4ab8ab5>:0 
  at UnityEngine.GameObject.SetActive (System.Boolean value) [0x00006] in <5ecefda573de420b8643923ab4ab8ab5>:0 
  at ShootPool+<>c.<Awake>b__12_1 (UnityEngine.GameObject projectile) [0x00000] in C:\Users\00000859601\Documents\GitHub\oto\HUGUINHO\Assets\scripts\ShootPool.cs:27 
  at ShootPool.Shoot () [0x00018] in C:\Users\00000859601\Documents\GitHub\oto\HUGUINHO\Assets\scripts\ShootPool.cs:77 
  at ShootPool.Update () [0x0001d] in C:\Users\00000859601\Documents\GitHub\oto\HUGUINHO\Assets\scripts\ShootPool.cs:40 

(Filename: Assets/scripts/ShootPool.cs Line: 77)

MissingReferenceException: The object of type 'UnityEngine.GameObject' has been destroyed but you are still trying to access it.
Your script should either check if it is null or you should not destroy the object.
  at UnityEngine.Object+MarshalledUnityObject.TryThrowEditorNullExceptionObject (UnityEngine.Object unityObj, System.String parameterName) [0x00065] in <5ecefda573de420b8643923ab4ab8ab5>:0 
  at UnityEngine.Bindings.ThrowHelper.ThrowNullReferenceException (System.Object obj) [0x0000a] in <5ecefda573de420b8643923ab4ab8ab5>:0 
  at UnityEngine.GameObject.SetActive (System.Boolean value) [0x00006] in <5ecefda573de420b8643923ab4ab8ab5>:0 
  at ShootPool+<>c.<Awake>b__12_1 (UnityEngine.GameObject projectile) [0x00000] in C:\Users\00000859601\Documents\GitHub\oto\HUGUINHO\Assets\scripts\ShootPool.cs:27 
  at ShootPool.Shoot () [0x00018] in C:\Users\00000859601\Documents\GitHub\oto\HUGUINHO\Assets\scripts\ShootPool.cs:77 
  at ShootPool.Update () [0x0001d] in C:\Users\00000859601\Documents\GitHub\oto\HUGUINHO\Assets\scripts\ShootPool.cs:40 

(Filename: Assets/scripts/ShootPool.cs Line: 77)

MissingReferenceException: The object of type 'UnityEngine.GameObject' has been destroyed but you are still trying to access it.
Your script should either check if it is null or you should not destroy the object.
  at UnityEngine.Object+MarshalledUnityObject.TryThrowEditorNullExceptionObject (UnityEngine.Object unityObj, System.String parameterName) [0x00065] in <5ecefda573de420b8643923ab4ab8ab5>:0 
  at UnityEngine.Bindings.ThrowHelper.ThrowNullReferenceException (System.Object obj) [0x0000a] in <5ecefda573de420b8643923ab4ab8ab5>:0 
  at UnityEngine.GameObject.SetActive (System.Boolean value) [0x00006] in <5ecefda573de420b8643923ab4ab8ab5>:0 
  at ShootPool+<>c.<Awake>b__12_1 (UnityEngine.GameObject projectile) [0x00000] in C:\Users\00000859601\Documents\GitHub\oto\HUGUINHO\Assets\scripts\ShootPool.cs:27 
  at ShootPool.Shoot () [0x00018] in C:\Users\00000859601\Documents\GitHub\oto\HUGUINHO\Assets\scripts\ShootPool.cs:77 
  at ShootPool.Update () [0x0001d] in C:\Users\00000859601\Documents\GitHub\oto\HUGUINHO\Assets\scripts\ShootPool.cs:40 

(Filename: Assets/scripts/ShootPool.cs Line: 77)

MissingReferenceException: The object of type 'UnityEngine.GameObject' has been destroyed but you are still trying to access it.
Your script should either check if it is null or you should not destroy the object.
  at UnityEngine.Object+MarshalledUnityObject.TryThrowEditorNullExceptionObject (UnityEngine.Object unityObj, System.String parameterName) [0x00065] in <5ecefda573de420b8643923ab4ab8ab5>:0 
  at UnityEngine.Bindings.ThrowHelper.ThrowNullReferenceException (System.Object obj) [0x0000a] in <5ecefda573de420b8643923ab4ab8ab5>:0 
  at UnityEngine.GameObject.SetActive (System.Boolean value) [0x00006] in <5ecefda573de420b8643923ab4ab8ab5>:0 
  at ShootPool+<>c.<Awake>b__12_1 (UnityEngine.GameObject projectile) [0x00000] in C:\Users\00000859601\Documents\GitHub\oto\HUGUINHO\Assets\scripts\ShootPool.cs:27 
  at ShootPool.Shoot () [0x00018] in C:\Users\00000859601\Documents\GitHub\oto\HUGUINHO\Assets\scripts\ShootPool.cs:77 
  at ShootPool.Update () [0x0001d] in C:\Users\00000859601\Documents\GitHub\oto\HUGUINHO\Assets\scripts\ShootPool.cs:40 

(Filename: Assets/scripts/ShootPool.cs Line: 77)

MissingReferenceException: The object of type 'UnityEngine.GameObject' has been destroyed but you are still trying to access it.
Your script should either check if it is null or you should not destroy the object.
  at UnityEngine.Object+MarshalledUnityObject.TryThrowEditorNullExceptionObject (UnityEngine.Object unityObj, System.String parameterName) [0x00065] in <5ecefda573de420b8643923ab4ab8ab5>:0 
  at UnityEngine.Bindings.ThrowHelper.ThrowNullReferenceException (System.Object obj) [0x0000a] in <5ecefda573de420b8643923ab4ab8ab5>:0 
  at UnityEngine.GameObject.SetActive (System.Boolean value) [0x00006] in <5ecefda573de420b8643923ab4ab8ab5>:0 
  at ShootPool+<>c.<Awake>b__12_1 (UnityEngine.GameObject projectile) [0x00000] in C:\Users\00000859601\Documents\GitHub\oto\HUGUINHO\Assets\scripts\ShootPool.cs:27 
  at ShootPool.Shoot () [0x00018] in C:\Users\00000859601\Documents\GitHub\oto\HUGUINHO\Assets\scripts\ShootPool.cs:77 
  at ShootPool.Update () [0x0001d] in C:\Users\00000859601\Documents\GitHub\oto\HUGUINHO\Assets\scripts\ShootPool.cs:40 

(Filename: Assets/scripts/ShootPool.cs Line: 77)

MissingReferenceException: The object of type 'UnityEngine.GameObject' has been destroyed but you are still trying to access it.
Your script should either check if it is null or you should not destroy the object.
  at UnityEngine.Object+MarshalledUnityObject.TryThrowEditorNullExceptionObject (UnityEngine.Object unityObj, System.String parameterName) [0x00065] in <5ecefda573de420b8643923ab4ab8ab5>:0 
  at UnityEngine.Bindings.ThrowHelper.ThrowNullReferenceException (System.Object obj) [0x0000a] in <5ecefda573de420b8643923ab4ab8ab5>:0 
  at UnityEngine.GameObject.SetActive (System.Boolean value) [0x00006] in <5ecefda573de420b8643923ab4ab8ab5>:0 
  at ShootPool+<>c.<Awake>b__12_1 (UnityEngine.GameObject projectile) [0x00000] in C:\Users\00000859601\Documents\GitHub\oto\HUGUINHO\Assets\scripts\ShootPool.cs:27 
  at ShootPool.Shoot () [0x00018] in C:\Users\00000859601\Documents\GitHub\oto\HUGUINHO\Assets\scripts\ShootPool.cs:77 
  at ShootPool.Update () [0x0001d] in C:\Users\00000859601\Documents\GitHub\oto\HUGUINHO\Assets\scripts\ShootPool.cs:40 

(Filename: Assets/scripts/ShootPool.cs Line: 77)

MissingReferenceException: The object of type 'UnityEngine.GameObject' has been destroyed but you are still trying to access it.
Your script should either check if it is null or you should not destroy the object.
  at UnityEngine.Object+MarshalledUnityObject.TryThrowEditorNullExceptionObject (UnityEngine.Object unityObj, System.String parameterName) [0x00065] in <5ecefda573de420b8643923ab4ab8ab5>:0 
  at UnityEngine.Bindings.ThrowHelper.ThrowNullReferenceException (System.Object obj) [0x0000a] in <5ecefda573de420b8643923ab4ab8ab5>:0 
  at UnityEngine.GameObject.SetActive (System.Boolean value) [0x00006] in <5ecefda573de420b8643923ab4ab8ab5>:0 
  at ShootPool+<>c.<Awake>b__12_1 (UnityEngine.GameObject projectile) [0x00000] in C:\Users\00000859601\Documents\GitHub\oto\HUGUINHO\Assets\scripts\ShootPool.cs:27 
  at ShootPool.Shoot () [0x00018] in C:\Users\00000859601\Documents\GitHub\oto\HUGUINHO\Assets\scripts\ShootPool.cs:77 
  at ShootPool.Update () [0x0001d] in C:\Users\00000859601\Documents\GitHub\oto\HUGUINHO\Assets\scripts\ShootPool.cs:40 

(Filename: Assets/scripts/ShootPool.cs Line: 77)

MissingReferenceException: The object of type 'UnityEngine.GameObject' has been destroyed but you are still trying to access it.
Your script should either check if it is null or you should not destroy the object.
  at UnityEngine.Object+MarshalledUnityObject.TryThrowEditorNullExceptionObject (UnityEngine.Object unityObj, System.String parameterName) [0x00065] in <5ecefda573de420b8643923ab4ab8ab5>:0 
  at UnityEngine.Bindings.ThrowHelper.ThrowNullReferenceException (System.Object obj) [0x0000a] in <5ecefda573de420b8643923ab4ab8ab5>:0 
  at UnityEngine.GameObject.SetActive (System.Boolean value) [0x00006] in <5ecefda573de420b8643923ab4ab8ab5>:0 
  at ShootPool+<>c.<Awake>b__12_1 (UnityEngine.GameObject projectile) [0x00000] in C:\Users\00000859601\Documents\GitHub\oto\HUGUINHO\Assets\scripts\ShootPool.cs:27 
  at ShootPool.Shoot () [0x00018] in C:\Users\00000859601\Documents\GitHub\oto\HUGUINHO\Assets\scripts\ShootPool.cs:77 
  at ShootPool.Update () [0x0001d] in C:\Users\00000859601\Documents\GitHub\oto\HUGUINHO\Assets\scripts\ShootPool.cs:40 

(Filename: Assets/scripts/ShootPool.cs Line: 77)

Unloading 1 Unused Serialized files (Serialized files now loaded: 0)
Loaded scene 'Temp/__Backupscenes/0.backup'
	Deserialize:            0.949 ms
	Integration:            165.986 ms
	Integration of assets:  0.001 ms
	Thread Wait Time:       0.010 ms
	Total Operation Time:   166.946 ms
Unloading 15 unused Assets / (440.0 KB). Loaded Objects now: 8826.
Memory consumption went from 0.69 GB to 0.69 GB.
Total: 16.224800 ms (FindLiveObjects: 0.395000 ms CreateObjectMapping: 0.870600 ms MarkObjects: 14.879800 ms  DeleteObjects: 0.078300 ms)

[Licensing::Client] Successfully resolved entitlement details
[ScriptCompilation] Requested script compilation because: AssetDatabase observed changes in script compilation related files
Refreshing native plugins compatible for Editor in 2.66 ms, found 4 plugins.
Asset Pipeline Refresh (id=1da6b1c6575a1de4c9464d2a535d321b): Total: 0.142 seconds - Initiated by RefreshV2(NoUpdateAssetOptions)
[Licensing::Client] Successfully resolved entitlement details
info: Microsoft.AspNetCore.Hosting.Diagnostics[1]
      Request starting HTTP/2 POST http://ilpp/UnityILPP.PostProcessing/Ping - application/grpc -
info: Microsoft.AspNetCore.Routing.EndpointMiddleware[0]
      Executing endpoint 'gRPC - /UnityILPP.PostProcessing/Ping'
info: Microsoft.AspNetCore.Routing.EndpointMiddleware[1]
      Executed endpoint 'gRPC - /UnityILPP.PostProcessing/Ping'
info: Microsoft.AspNetCore.Hosting.Diagnostics[2]
      Request finished HTTP/2 POST http://ilpp/UnityILPP.PostProcessing/Ping - 200 - application/grpc 0.2841ms
Starting: C:\Program Files\Unity\Hub\Editor\6000.5.7f1\Editor\Data\Tools\BuildPipeline\bee_backend.exe --ipc --defer-dag-verification --dagfile="Library/Bee/1900b0aE.dag" --continue-on-failure --profile="Library/Bee/backend1.traceevents" ScriptAssemblies
WorkingDir: C:/Users/00000859601/Documents/GitHub/oto/HUGUINHO
info: Microsoft.AspNetCore.Hosting.Diagnostics[1]
      Request starting HTTP/2 POST http://ilpp/UnityILPP.PostProcessing/ConfigurePostProcessors - application/grpc -
info: Microsoft.AspNetCore.Routing.EndpointMiddleware[0]
      Executing endpoint 'gRPC - /UnityILPP.PostProcessing/ConfigurePostProcessors'
info: Unity.ILPP.Runner.PostProcessingAssemblyLoadContext[0]
      Current configuration matches the requested one, skipping
info: Microsoft.AspNetCore.Routing.EndpointMiddleware[1]
      Executed endpoint 'gRPC - /UnityILPP.PostProcessing/ConfigurePostProcessors'
info: Microsoft.AspNetCore.Hosting.Diagnostics[2]
      Request finished HTTP/2 POST http://ilpp/UnityILPP.PostProcessing/ConfigurePostProcessors - 200 - application/grpc 1.1839ms
info: Microsoft.AspNetCore.Hosting.Diagnostics[1]
      Request starting HTTP/2 POST http://ilpp/UnityILPP.PostProcessing/PostProcessAssembly - application/grpc -
info: Microsoft.AspNetCore.Hosting.Diagnostics[1]
      Request starting HTTP/2 POST http://ilpp/UnityILPP.PostProcessing/PostProcessAssembly - application/grpc -
info: Microsoft.AspNetCore.Routing.EndpointMiddleware[0]
      Executing endpoint 'gRPC - /UnityILPP.PostProcessing/PostProcessAssembly'
info: Microsoft.AspNetCore.Routing.EndpointMiddleware[0]
      Executing endpoint 'gRPC - /UnityILPP.PostProcessing/PostProcessAssembly'
info: Unity.ILPP.Runner.PostProcessingPipeline[0]
      Processing assembly Library/Bee/artifacts/1900b0aE.dag/Assembly-CSharp.dll, with 142 defines and 339 references
info: Unity.ILPP.Runner.PostProcessingPipeline[0]
      processors: Unity.Jobs.CodeGen.JobsILPostProcessor, zzzUnity.Burst.CodeGen.BurstILPostProcessor
info: Unity.ILPP.Runner.PostProcessingPipeline[0]
      Processing assembly Library/Bee/artifacts/1900b0aE.dag/Assembly-CSharp-Editor.dll, with 140 defines and 361 references
info: Unity.ILPP.Runner.PostProcessingPipeline[0]
      processors: Unity.Jobs.CodeGen.JobsILPostProcessor, zzzUnity.Burst.CodeGen.BurstILPostProcessor
info: Unity.ILPP.Runner.PostProcessingPipeline[0]
      running Unity.Jobs.CodeGen.JobsILPostProcessor
info: Unity.ILPP.Runner.PostProcessingPipeline[0]
      running Unity.Jobs.CodeGen.JobsILPostProcessor
info: Unity.ILPP.Runner.PostProcessingPipeline[0]
      running zzzUnity.Burst.CodeGen.BurstILPostProcessor
info: Unity.ILPP.Runner.PostProcessingPipeline[0]
      running zzzUnity.Burst.CodeGen.BurstILPostProcessor
info: Microsoft.AspNetCore.Routing.EndpointMiddleware[1]
      Executed endpoint 'gRPC - /UnityILPP.PostProcessing/PostProcessAssembly'
info: Microsoft.AspNetCore.Hosting.Diagnostics[2]
      Request finished HTTP/2 POST http://ilpp/UnityILPP.PostProcessing/PostProcessAssembly - 200 - application/grpc 30.8060ms
info: Microsoft.AspNetCore.Routing.EndpointMiddleware[1]
      Executed endpoint 'gRPC - /UnityILPP.PostProcessing/PostProcessAssembly'
info: Microsoft.AspNetCore.Hosting.Diagnostics[2]
      Request finished HTTP/2 POST http://ilpp/UnityILPP.PostProcessing/PostProcessAssembly - 200 - application/grpc 38.2643ms
ExitCode: 0 Duration: 0s930ms
[735/936    0s] ILPP-Configuration Library/ilpp-configuration.nevergeneratedoutput
[928/936    0s] Csc Library/Bee/artifacts/1900b0aE.dag/Assembly-CSharp.dll (+2 others)
[930/936    0s] ILPostProcess Library/Bee/artifacts/1900b0aE.dag/post-processed/Assembly-CSharp-Editor.dll (+pdb)
Processing assembly Library/Bee/artifacts/1900b0aE.dag/Assembly-CSharp-Editor.dll, with 140 defines and 361 references

processors: Unity.Jobs.CodeGen.JobsILPostProcessor, zzzUnity.Burst.CodeGen.BurstILPostProcessor

running Unity.Jobs.CodeGen.JobsILPostProcessor

running zzzUnity.Burst.CodeGen.BurstILPostProcessor
[931/936    0s] ILPostProcess Library/Bee/artifacts/1900b0aE.dag/post-processed/Assembly-CSharp.dll (+pdb)
Processing assembly Library/Bee/artifacts/1900b0aE.dag/Assembly-CSharp.dll, with 142 defines and 339 references

processors: Unity.Jobs.CodeGen.JobsILPostProcessor, zzzUnity.Burst.CodeGen.BurstILPostProcessor

running Unity.Jobs.CodeGen.JobsILPostProcessor

running zzzUnity.Burst.CodeGen.BurstILPostProcessor
[934/936    0s] CopyFiles Library/ScriptAssemblies/Assembly-CSharp.dll
[935/936    0s] CopyFiles Library/ScriptAssemblies/Assembly-CSharp.pdb
*** Tundra build success (0.90 seconds), 6 items updated, 936 evaluated
Reloading assemblies after forced synchronous recompile.
Begin MonoManager ReloadAssembly
Total cache size 141476592
Total cache size after purge 141476592, took 00:00:00.1269676
Native extension for WindowsStandalone target not found
[MODES] ModeService[none].Initialize
[MODES] ModeService[none].LoadModes
ScheduleIndexationOnStartup MainProcess:True IndexOnStartup:True
Mono: successfully reloaded assembly
- Finished resetting the current domain, in  1.294 seconds
Domain Reload Profiling: 2365ms
	BeginReloadAssembly (744ms)
		DisableScriptedObjects (95ms)
		CreateAndSetChildDomain (357ms)
	RebuildCommonClasses (7ms)
	RebuildNativeTypeToScriptingClass (11ms)
	initialDomainReloadingComplete (42ms)
	LoadAllAssembliesAndSetupDomain (266ms)
		LoadAssemblies (93ms)
		AnalyzeDomain (163ms)
			TypeCache.Refresh (9ms)
			BuildScriptInfoCaches (136ms)
			ResolveRequiredComponents (18ms)
	FinalizeReload (1294ms)
		SetupLoadedEditorAssemblies (0ms)
			BeforeProcessingInitializeOnLoad (135ms)
			ProcessInitializeOnLoadAttributes (297ms)
			ProcessInitializeOnLoadMethodAttributes (110ms)
			AfterProcessingInitializeOnLoad (5ms)
		AwakeInstancesAfterBackupRestoration (402ms)

Asset Pipeline Refresh (id=dfa1a39a443b2004aa9e16b852db200d): Total: 2.592 seconds - Initiated by RefreshV2(AllowForceSynchronousImport)
	(Values over 0.05ms)
	Summary:
		Imports: total=0 (actual=0, local cache=0, cache server=0)
		Asset DB Process Time: managed=0 ms, native=1408 ms
		Asset DB Callback time: managed=21 ms, native=0 ms
		Scripting: domain reloads=1, domain reload time=1110 ms, compile time=51 ms, other=0 ms
		Project Asset Count: scripts=1363, non-scripts=2319
		Asset File Changes: new=0, changed=0, moved=0, deleted=0
		Scan Filter Count: 0
	InvokePackagesCallback: 1.099ms
	ApplyChangesToAssetFolders: 0.293ms
	Scan: 3.470ms
	Collect global state as custom dependencies: 2.315ms
	ProcessAssetsWithTransientArtifactChanges: 4.620ms
	CategorizeAssets: 34.984ms
	CompileScripts: 51.189ms
	ImportOutOfDateAssets: 1324.161ms (1303.524ms without children)
		CollectScriptTypesHashes: 1.240ms
		ReloadNativeAssets: 0.791ms
		UnloadImportedAssets: 0.161ms
		EnsureUptoDateAssetsAreRegisteredWithGuidPM: 0.393ms
		ImportSchedulerStart: 19.271ms
	PostProcessAllAssets: 21.746ms
		MonoPostProcessAllAssets: 21.742ms
			AssetChangedListener.OnPostprocessAllAssets 7.525ms
			BuilderAssetPostprocessor.OnPostprocessAllAssets 7.434ms
			UniversalRenderPipelineGlobalSettingsPostprocessor.OnPostprocessAllAssets 7.067ms
			AssetPostprocessor.OnPostprocessAllAssets 4.706ms
			SyncVS.PostprocessSyncProject 2.258ms
			ShaderGraphAssetPostProcessor.OnPostprocessAllAssets 2.050ms
			RetainedModeAssetPostprocessor.OnPostprocessAllAssets 1.439ms
			WindowAssetPostprocessingWatcher.OnPostprocessAllAssets 1.385ms
			SpeedTree9Postprocessor.OnPostprocessAllAssets 1.327ms
			TMPro_TexturePostProcessor.OnPostprocessAllAssets 0.713ms
			EditModeScopePostprocessor.OnPostprocessAllAssets 0.707ms
			UVCSAssetPostprocessor.OnPostprocessAllAssets 0.636ms
			ArtifactBrowserPostProcessor.OnPostprocessAllAssets 0.635ms
			MaterialPostprocessor.OnPostprocessAllAssets 0.599ms
			ProjectSettingsPostprocessor.OnPostprocessAllAssets 0.585ms
			RenderPipelineGlobalSettingsPostprocessor.OnPostprocessAllAssets 0.547ms
			AudioMixerPostprocessor.OnPostprocessAllAssets 0.489ms
			TextAssetPostProcessor.OnPostprocessAllAssets 0.400ms
			SampleDependencyImporterPostProcessor.OnPostprocessAllAssets 0.361ms
			InputActionJsonNameModifierAssetProcessor.OnPostprocessAllAssets 0.341ms
			StyleCatalogPostProcessor.OnPostprocessAllAssets 0.322ms
			PostProcessor.OnPostprocessAllAssets 0.295ms
			ShaderReflectionAssetPostProcessor.OnPostprocessAllAssets 0.250ms
			AssetEvents.OnPostprocessAllAssets 0.247ms
			ReferencedClipsPostProcessor.OnPostprocessAllAssets 0.202ms
			InputActionAssetPostprocessor.OnPostprocessAllAssets 0.200ms
			SamplePostprocessor.OnPostprocessAllAssets 0.181ms
			SpeedTreePostProcessor.OnPostprocessAllAssets 0.172ms
			ConfigAssetsTracker.OnPostprocessAllAssets 0.165ms
			ScenarioDriftAssetsTracker.OnPostprocessAllAssets 0.157ms
			AssetReloadNotifier.OnPostprocessAllAssets 0.148ms
			AssetDatabaseCallbacks.OnPostprocessAllAssets 0.110ms
			TerrainToolbarOverlayPostProcessor.OnPostprocessAllAssets 0.107ms
			AudioContainerPostProcessor.OnPostprocessAllAssets 0.096ms
	GatherAllCurrentPrimaryImportResultRevisions: 0.152ms
	PersistCurrentRevisions: 0.096ms
	GenerateScriptTypeHashes: 1.607ms
	GenerateScriptTypeSerializationHashes: 2.706ms
	Untracked: 1141.624ms

[Licensing::Client] Successfully resolved entitlement details
[Licensing::Client] Successfully resolved entitlement details
Importing 'GUID: 99c9720ab356a0642a771bea13969a05 - Path: Assets/Scenes/SampleScene.unity' with importer (DefaultImporter)
Imported 'GUID: 99c9720ab356a0642a771bea13969a05' -> (Import Result ID: '5c39fcbc3243e771520c6611acc33542') in 0.005 seconds [static dependencies only]. Details - ImportResultOutputID=378ca25c6c95e370f41ed482e616ed68 DependenciesID=c0644b2bdbcb78270fa25ad8de6e92f4 StaticDependenciesID=add770067f2f51da44dd2d0ec4cc7dfa 
Asset Pipeline Refresh (id=d1460e77910afd44bb3c7aecdbdca3e1): Total: 0.072 seconds - Initiated by StopAssetImportingV2(NoUpdateAssetOptions)
MonoPathRemapper: Attempts to remap: 117795; Successful remaps: 37824
Serialized file version minimum: 22, current 23
[LAYOUT] About to save layout C:\Users\00000859601\Documents\GitHub\oto\HUGUINHO\UserSettings\Layouts\default-6000.dwlt
[LAYOUT] About to save layout C:/Users/00000859601/AppData/Roaming/Unity/Editor-5.x/Preferences\Layouts\current\default-6000.dwlt
Input System module state changed to: ShutdownInProgress.
Input Polling Thread exited.
Input System module state changed to: Shutdown.
[Physics::Module] Cleanup current backend.
[Physics::Module] Id: 0xf2b8ea05
[Licensing::IpcConnector] LicenseClient-00000859601-6000.5.7-notifications channel disconnected successfully.
[Licensing::IpcConnector] LicenseClient-00000859601-6000.5.7 channel disconnected successfully.
Shut down.
AcceleratorClientConnectionCallback - disconnected - :0
Cleanup mono
CodeReloadManager destroyed
abort_threads: Failed aborting id: 0000000000006EB0, mono_thread_manage will ignore it

abort_threads: Failed aborting id: 0000000000006EB0, mono_thread_manage will ignore it

debugger-agent: Unable to listen on 5288
Checking for leaked weakptr:
  Found no leaked weakptrs.
[Package Manager] Server process was shutdown
##utp:{"type":"MemoryLeaks","version":2,"phase":"Immediate","time":1790383095413,"processId":12476,"allocatedMemory":54928447,"memoryLabels":[{"Default":250915},{"Permanent":15516},{"NewDelete":85701},{"Thread":4209784},{"Manager":825128},{"VertexData":8},{"Geometry":816},{"Texture":24},{"Shader":866379},{"Material":4626},{"GfxDevice":70136},{"GfxThread":13824},{"Animation":952},{"Audio":1168},{"FreeType":8},{"FontEngine":736},{"Physics":2146},{"Physics2D":16},{"Serialization":931232},{"Input":45280},{"JobScheduler":256},{"TextLib":31702},{"Mono":48},{"MonoCode":128},{"ScriptingNativeRuntime":1798372},{"BaseObject":2365864},{"Resource":1208},{"Renderer":3080},{"Transform":4685},{"File":30734},{"WebCam":616},{"Culling":32},{"Terrain":11442},{"Wind":24},{"STL":40},{"String":9802},{"StaticString":3808},{"Utility":2675058},{"Curl":48},{"PoolAlloc":2360},{"AI":80},{"TypeTree":521805},{"CodeReload":448},{"RuntimeInitializeOnLoadManager":64},{"Sprites":102},{"SpriteAtlas":120},{"GI":7816},{"Director":8296},{"CloudService":7064},{"WebRequest":12744},{"VR":47114},{"SceneManager":608},{"Video":208},{"LazyScriptCache":32},{"NativeArray":33067712},{"Camera":17},{"Secure":265},{"SerializationCache":1576},{"APIUpdating":10320},{"Subsystems":336},{"VirtualTexturing":57888},{"StaticSafetyDebugInfo":278528},{"Analytics":552},{"Hierarchy":1176},{"UIElements":943944},{"CoreStats":13688},{"Identifiers":6768},{"Gui":803198},{"EditorUtility":215937},{"VersionControl":8},{"Undo":931},{"AssetDatabase":4603026},{"AssetImporter":40},{"EditorGi":328},{"UnityConnect":35345},{"Upm":1988},{"UpmDiagnostics":8},{"AssetCompliance":64},{"DrivenProperties":72},{"LocalIPC":217},{"ProfilerEditor":9746},{"CoreBusinessMetrics":3486},{"Windowing":456},{"Licensing":664},{"AssetReference":32},{"IPCStream":32}]}
